"GeneratorRE","BusGeneratorRE","DynamicProfileRE","ReferenceValueRE","FuelGeneratorRE"
"RES_GEOTHERMAL_DE_existing","D-190","RES_GEOTHERMAL_DE_existing",8,"GEOTHERMAL"
"Hydro_A27","A-27","Hydro_A27",640,"HYDRAULIC"
"Hydro_Niederosterreich","A-2","Hydro_Niederosterreich",747,"HYDRAULIC"
"Salzburg_Hydro","A-18","Salzburg_Hydro",747,"HYDRAULIC"
"Silz","A-24","Silz",854,"HYDRAULIC"
"Steiermarj_Hydro_II","A-31","Steiermarj_Hydro_II",640,"HYDRAULIC"
"Tirol_Hydro","A-20","Tirol_Hydro",854,"HYDRAULIC"
"Verbund_Carinthia_I","A-26","Verbund_Carinthia_I",640,"HYDRAULIC"
"Verbund_Carinthia_II","A-32","Verbund_Carinthia_II",640,"HYDRAULIC"
"Verbund_Danube","A-3","Verbund_Danube",1601,"HYDRAULIC"
"Verbund_Danube_II","A_st.Pet","Verbund_Danube_II",2028,"HYDRAULIC"
"Verbund_Hydro","A-19","Verbund_Hydro",854,"HYDRAULIC"
"Vorarelberg_Hydro_I","A-29","Vorarelberg_Hydro_I",854,"HYDRAULIC"
"Vorarelberg_Hydro_III","A-33","Vorarelberg_Hydro_III",640,"HYDRAULIC"
"Vorarlber_Hydro_II","A_Burs","Vorarlber_Hydro_II",747,"HYDRAULIC"
"BLEILOCH","D-129","BLEILOCH",300,"HYDRAULIC"
"GAMBSHEIM","F-58","GAMBSHEIM",94,"HYDRAULIC"
"GEESTHACHT","D-23","GEESTHACHT",140,"HYDRAULIC"
"HYDRO_EON","D-188","HYDRO_EON",2854,"HYDRAULIC"
"HYDRO_NORDRHEIN","D-102","HYDRO_NORDRHEIN",290,"HYDRAULIC"
"HYDRO_VEAG","D-122","HYDRO_VEAG",8,"HYDRAULIC"
"SACKING","D_kuhmoo","SACKING",700,"HYDRAULIC"
"WALSHUT","D_Eichst","WALSHUT",160,"HYDRAULIC"
"Brommat","F-277","Brommat",1224,"HYDRAULIC"
"Groupe_de_la_Rhine_I","F-58","Groupe_de_la_Rhine_I",1020,"HYDRAULIC"
"Groupe_de_la_Rhine_II","F_Sieren","Groupe_de_la_Rhine_II",408,"HYDRAULIC"
"Groupe_de_la_Rhone_I","F-226","Groupe_de_la_Rhone_I",1020,"HYDRAULIC"
"Groupe_de_la_Rhone_II","F-250","Groupe_de_la_Rhone_II",1020,"HYDRAULIC"
"Groupe_de_la_Rhone_III","F-256","Groupe_de_la_Rhone_III",1020,"HYDRAULIC"
"H_OTHERS_F243","F-243","H_OTHERS_F243",714,"HYDRAULIC"
"Hydro_Languedoc","F-281","Hydro_Languedoc",1632,"HYDRAULIC"
"Hydro_Midi_Pyrennes","F_pragne","Hydro_Midi_Pyrennes",2448,"HYDRAULIC"
"Hydro_Provance","F-258","Hydro_Provance",2040,"HYDRAULIC"
"Hydro_Rhone_Alpes_I","F-210","Hydro_Rhone_Alpes_I",1020,"HYDRAULIC"
"Hydro_Rhone_Alpes_II","F-215","Hydro_Rhone_Alpes_II",2040,"HYDRAULIC"
"Hydro_Rhone_Alpes_III","F-228","Hydro_Rhone_Alpes_III",510,"HYDRAULIC"
"Hydro_Rhone_Alpes_IV","F-233","Hydro_Rhone_Alpes_IV",1020,"HYDRAULIC"
"Hydro_Rhone_Alpes_V","F-232","Hydro_Rhone_Alpes_V",510,"HYDRAULIC"
"Hyro_Provance_Alpes","F-269","Hyro_Provance_Alpes",1632,"HYDRAULIC"
"La_Rance","F-85","La_Rance",245,"HYDRAULIC"
"Ouvrage","F-185","Ouvrage",2040,"HYDRAULIC"
"Vouglans","F-181","Vouglans",306,"HYDRAULIC"
"RES_HYDRO_NL_existing","NL-16","RES_HYDRO_NL_existing",37,"HYDRAULIC"
"KOPSWERK_II","A-33","KOPSWERK_II",450,"HYDRAULIC_PS"
"LIMBERG_II","A-18","LIMBERG_II",480,"HYDRAULIC_PS"
"COO_A_1_H","B-18","COO_A_1_H",158,"HYDRAULIC_PS"
"COO_A_2_H","B-18","COO_A_2_H",158,"HYDRAULIC_PS"
"COO_A_3_H","B-18","COO_A_3_H",158,"HYDRAULIC_PS"
"COO_A_4_H","B-18","COO_A_4_H",230,"HYDRAULIC_PS"
"COO_A_5_H","B-18","COO_A_5_H",230,"HYDRAULIC_PS"
"COO_A_6_H","B-18","COO_A_6_H",230,"HYDRAULIC_PS"
"PLATETAILLE","B-17","PLATETAILLE",144,"HYDRAULIC_PS"
"GOLDISTAHL","D-134","GOLDISTAHL",1060,"HYDRAULIC_PS"
"HAUSERN","D_engstl","HAUSERN",112,"HYDRAULIC_PS"
"HERDECKE","D-108","HERDECKE",153,"HYDRAULIC_PS"
"HOHENW","D-49","HOHENW",383,"HYDRAULIC_PS"
"HYDRO_BAY","D-197","HYDRO_BAY",994,"HYDRAULIC_PS"
"HYDRO_RWE_BADEN-WURTT","D_engstl","HYDRO_RWE_BADEN-WURTT",461,"HYDRAULIC_PS"
"HYDRO_RWE_RHEINLAND","D-162","HYDRO_RWE_RHEINLAND",254,"HYDRAULIC_PS"
"MARKERSB","D-122","MARKERSB",1050,"HYDRAULIC_PS"
"NIEDERW","D-94","NIEDERW",120,"HYDRAULIC_PS"
"VIANDEN","Lx-1","VIANDEN",1096,"HYDRAULIC_PS"
"WEHR","D_kuhmoo","WEHR",980,"HYDRAULIC_PS"
"WENDEFURTH","D-79","WENDEFURTH",80,"HYDRAULIC_PS"
"WITZNAU","D_engstl","WITZNAU",220,"HYDRAULIC_PS"
"GRAND_MAISON","F-195","GRAND_MAISON",1050,"HYDRAULIC_PS"
"LAC_NOIR","F-58","LAC_NOIR",80,"HYDRAULIC_PS"
"MONTEZIC","F-255","MONTEZIC",910,"HYDRAULIC_PS"
"REVIN","F-17lonn","REVIN",720,"HYDRAULIC_PS"
"SUPER_BISSORTE","F-212","SUPER_BISSORTE",750,"HYDRAULIC_PS"
"WERFEN_PFARRWERFEN","A-18","WERFEN_PFARRWERFEN",16,"HYDRAULIC_RoR"
"RES_HYDRO_BE_Existing","B-18","RES_HYDRO_BE_Existing",111,"HYDRAULIC_RoR"
"SOLAR_A_Burs","A_Burs","AT_PHOTO",15.2,"SOLAR"
"SOLAR_A_st.Pet","A_st.Pet","AT_PHOTO",15.2,"SOLAR"
"SOLAR_A_Westti","A_Westti","AT_PHOTO",15.2,"SOLAR"
"SOLAR_A-1","A-1","AT_PHOTO",15.2,"SOLAR"
"SOLAR_A-10","A-10","AT_PHOTO",15.2,"SOLAR"
"SOLAR_A-11","A-11","AT_PHOTO",15.2,"SOLAR"
"SOLAR_A-12","A-12","AT_PHOTO",15.2,"SOLAR"
"SOLAR_A-13","A-13","AT_PHOTO",15.2,"SOLAR"
"SOLAR_A-14","A-14","AT_PHOTO",15.2,"SOLAR"
"SOLAR_A-15","A-15","AT_PHOTO",15.2,"SOLAR"
"SOLAR_A-16","A-16","AT_PHOTO",15.2,"SOLAR"
"SOLAR_A-18","A-18","AT_PHOTO",15.2,"SOLAR"
"SOLAR_A-19","A-19","AT_PHOTO",15.2,"SOLAR"
"SOLAR_A-2","A-2","AT_PHOTO",15.2,"SOLAR"
"SOLAR_A-20","A-20","AT_PHOTO",15.2,"SOLAR"
"SOLAR_A-21","A-21","AT_PHOTO",15.2,"SOLAR"
"SOLAR_A-22","A-22","AT_PHOTO",15.2,"SOLAR"
"SOLAR_A-24","A-24","AT_PHOTO",15.2,"SOLAR"
"SOLAR_A-25","A-25","AT_PHOTO",15.2,"SOLAR"
"SOLAR_A-26","A-26","AT_PHOTO",15.2,"SOLAR"
"SOLAR_A-27","A-27","AT_PHOTO",15.2,"SOLAR"
"SOLAR_A-29","A-29","AT_PHOTO",15.2,"SOLAR"
"SOLAR_A-3","A-3","AT_PHOTO",15.2,"SOLAR"
"SOLAR_A-30","A-30","AT_PHOTO",15.2,"SOLAR"
"SOLAR_A-31","A-31","AT_PHOTO",15.2,"SOLAR"
"SOLAR_A-32","A-32","AT_PHOTO",15.2,"SOLAR"
"SOLAR_A-33","A-33","AT_PHOTO",15.2,"SOLAR"
"SOLAR_A-34","A-34","AT_PHOTO",15.2,"SOLAR"
"SOLAR_A-35","A-35","AT_PHOTO",15.2,"SOLAR"
"SOLAR_A-36","A-36","AT_PHOTO",15.2,"SOLAR"
"SOLAR_A-4","A-4","AT_PHOTO",15.2,"SOLAR"
"SOLAR_A-5","A-5","AT_PHOTO",15.2,"SOLAR"
"SOLAR_A-6","A-6","AT_PHOTO",15.2,"SOLAR"
"SOLAR_A-7","A-7","AT_PHOTO",15.2,"SOLAR"
"SOLAR_A-8","A-8","AT_PHOTO",15.2,"SOLAR"
"SOLAR_B_15","B_15","WAL_PHOTO",66.31,"SOLAR"
"SOLAR_B_Achene","B_Achene","WAL_PHOTO",66.31,"SOLAR"
"SOLAR_B_Aubang","B_Aubang","WAL_PHOTO",66.31,"SOLAR"
"SOLAR_B_meerho","B_meerho","FLA_PHOTO",187.25,"SOLAR"
"SOLAR_B_Moncea","B_Moncea","WAL_PHOTO",66.31,"SOLAR"
"SOLAR_B_Zandvl","B_Zandvl","FLA_PHOTO",187.25,"SOLAR"
"SOLAR_B-10","B-10","FLA_PHOTO",187.25,"SOLAR"
"SOLAR_B-11","B-11","WAL_PHOTO",66.31,"SOLAR"
"SOLAR_B-12Avel","B-12Avel","FLA_PHOTO",187.25,"SOLAR"
"SOLAR_B-13","B-13","WAL_PHOTO",66.31,"SOLAR"
"SOLAR_B-15","B-15","WAL_PHOTO",66.31,"SOLAR"
"SOLAR_B-16","B-16","WAL_PHOTO",66.31,"SOLAR"
"SOLAR_B-17","B-17","WAL_PHOTO",66.31,"SOLAR"
"SOLAR_B-18","B-18","WAL_PHOTO",66.31,"SOLAR"
"SOLAR_B-2","B-2","FLA_PHOTO",187.25,"SOLAR"
"SOLAR_B-20","B-20","WAL_PHOTO",66.31,"SOLAR"
"SOLAR_B-3","B-3","FLA_PHOTO",187.25,"SOLAR"
"SOLAR_B-4","B-4","FLA_PHOTO",187.25,"SOLAR"
"SOLAR_B-5","B-5","FLA_PHOTO",187.25,"SOLAR"
"SOLAR_B-6","B-6","FLA_PHOTO",187.25,"SOLAR"
"SOLAR_B-7","B-7","FLA_PHOTO",187.25,"SOLAR"
"SOLAR_B-8","B-8","FLA_PHOTO",187.25,"SOLAR"
"SOLAR_B-9","B-9","FLA_PHOTO",187.25,"SOLAR"
"SOLAR_D_185","D_185","RLP_SL_PHOTO",178.75,"SOLAR"
"SOLAR_D_233","D_233","BY_PHOTO",331.18,"SOLAR"
"SOLAR_D_Connef","D_Connef","NI_HB_PHOTO",110.77,"SOLAR"
"SOLAR_D_Diele","D_Diele","NI_HB_PHOTO",110.77,"SOLAR"
"SOLAR_D_Eichst","D_Eichst","BW_PHOTO",175.96,"SOLAR"
"SOLAR_D_engstl","D_engstl","BW_PHOTO",175.96,"SOLAR"
"SOLAR_D_Gronau","D_Gronau","NRW_PHOTO",107.39,"SOLAR"
"SOLAR_D_kuhmoo","D_kuhmoo","BW_PHOTO",175.96,"SOLAR"
"SOLAR_D_leupol","D_leupol","BY_PHOTO",331.18,"SOLAR"
"SOLAR_D_oberbr","D_oberbr","BY_PHOTO",331.18,"SOLAR"
"SOLAR_D_Rommer","D_Rommer","NRW_PHOTO",107.39,"SOLAR"
"SOLAR_D_Siersd","D_Siersd","NRW_PHOTO",107.39,"SOLAR"
"SOLAR_D_Tienge","D_Tienge","BW_PHOTO",175.96,"SOLAR"
"SOLAR_D-1","D-1","SH_HH_PHOTO",129.27,"SOLAR"
"SOLAR_D-10","D-10","SH_HH_PHOTO",129.27,"SOLAR"
"SOLAR_D-100","D-100","NRW_PHOTO",107.39,"SOLAR"
"SOLAR_D-101","D-101","NRW_PHOTO",107.39,"SOLAR"
"SOLAR_D-102","D-102","NRW_PHOTO",107.39,"SOLAR"
"SOLAR_D-103","D-103","SN_PHOTO",102.67,"SOLAR"
"SOLAR_D-104","D-104","NRW_PHOTO",107.39,"SOLAR"
"SOLAR_D-105","D-105","NRW_PHOTO",107.39,"SOLAR"
"SOLAR_D-106","D-106","HE_PHOTO",100.65,"SOLAR"
"SOLAR_D-107","D-107","HE_PHOTO",100.65,"SOLAR"
"SOLAR_D-108","D-108","NRW_PHOTO",107.39,"SOLAR"
"SOLAR_D-109","D-109","NRW_PHOTO",107.39,"SOLAR"
"SOLAR_D-11","D-11","SH_HH_PHOTO",129.27,"SOLAR"
"SOLAR_D-110","D-110","NRW_PHOTO",107.39,"SOLAR"
"SOLAR_D-111","D-111","NRW_PHOTO",107.39,"SOLAR"
"SOLAR_D-112","D-112","HE_PHOTO",100.65,"SOLAR"
"SOLAR_D-113","D-113","SN_PHOTO",102.67,"SOLAR"
"SOLAR_D-114","D-114","TH_PHOTO",182.67,"SOLAR"
"SOLAR_D-115","D-115","TH_PHOTO",182.67,"SOLAR"
"SOLAR_D-116","D-116","NRW_PHOTO",107.39,"SOLAR"
"SOLAR_D-117","D-117","SN_PHOTO",102.67,"SOLAR"
"SOLAR_D-118","D-118","TH_PHOTO",182.67,"SOLAR"
"SOLAR_D-12","D-12","SH_HH_PHOTO",129.27,"SOLAR"
"SOLAR_D-120","D-120","NRW_PHOTO",107.39,"SOLAR"
"SOLAR_D-121","D-121","SN_PHOTO",102.67,"SOLAR"
"SOLAR_D-122","D-122","SN_PHOTO",102.67,"SOLAR"
"SOLAR_D-123","D-123","NRW_PHOTO",107.39,"SOLAR"
"SOLAR_D-124","D-124","HE_PHOTO",100.65,"SOLAR"
"SOLAR_D-125","D-125","SN_PHOTO",102.67,"SOLAR"
"SOLAR_D-126","D-126","NRW_PHOTO",107.39,"SOLAR"
"SOLAR_D-127","D-127","NRW_PHOTO",107.39,"SOLAR"
"SOLAR_D-129","D-129","TH_PHOTO",182.67,"SOLAR"
"SOLAR_D-13","D-13","BB_B_PHOTO",229.23,"SOLAR"
"SOLAR_D-130","D-130","HE_PHOTO",100.65,"SOLAR"
"SOLAR_D-131","D-131","NRW_PHOTO",107.39,"SOLAR"
"SOLAR_D-133","D-133","HE_PHOTO",100.65,"SOLAR"
"SOLAR_D-134","D-134","TH_PHOTO",182.67,"SOLAR"
"SOLAR_D-135","D-135","TH_PHOTO",182.67,"SOLAR"
"SOLAR_D-136","D-136","NRW_PHOTO",107.39,"SOLAR"
"SOLAR_D-137","D-137","NRW_PHOTO",107.39,"SOLAR"
"SOLAR_D-138","D-138","HE_PHOTO",100.65,"SOLAR"
"SOLAR_D-139","D-139","HE_PHOTO",100.65,"SOLAR"
"SOLAR_D-14","D-14","SH_HH_PHOTO",129.27,"SOLAR"
"SOLAR_D-140","D-140","BY_PHOTO",331.18,"SOLAR"
"SOLAR_D-141","D-141","NRW_PHOTO",107.39,"SOLAR"
"SOLAR_D-142","D-142","BY_PHOTO",331.18,"SOLAR"
"SOLAR_D-143","D-143","HE_PHOTO",100.65,"SOLAR"
"SOLAR_D-144","D-144","RLP_SL_PHOTO",178.75,"SOLAR"
"SOLAR_D-145","D-145","RLP_SL_PHOTO",178.75,"SOLAR"
"SOLAR_D-146","D-146","RLP_SL_PHOTO",178.75,"SOLAR"
"SOLAR_D-147","D-147","NRW_PHOTO",107.39,"SOLAR"
"SOLAR_D-148","D-148","HE_PHOTO",100.65,"SOLAR"
"SOLAR_D-15","D-15","MV_PHOTO",178.29,"SOLAR"
"SOLAR_D-150","D-150","BY_PHOTO",331.18,"SOLAR"
"SOLAR_D-151","D-151","BY_PHOTO",331.18,"SOLAR"
"SOLAR_D-152","D-152","HE_PHOTO",100.65,"SOLAR"
"SOLAR_D-153","D-153","HE_PHOTO",100.65,"SOLAR"
"SOLAR_D-154","D-154","BY_PHOTO",331.18,"SOLAR"
"SOLAR_D-156","D-156","BY_PHOTO",331.18,"SOLAR"
"SOLAR_D-157","D-157","HE_PHOTO",100.65,"SOLAR"
"SOLAR_D-158","D-158","HE_PHOTO",100.65,"SOLAR"
"SOLAR_D-159","D-159","BY_PHOTO",331.18,"SOLAR"
"SOLAR_D-16","D-16","SH_HH_PHOTO",129.27,"SOLAR"
"SOLAR_D-160","D-160","RLP_SL_PHOTO",178.75,"SOLAR"
"SOLAR_D-161","D-161","BY_PHOTO",331.18,"SOLAR"
"SOLAR_D-162","D-162","RLP_SL_PHOTO",178.75,"SOLAR"
"SOLAR_D-163","D-163","BW_PHOTO",175.96,"SOLAR"
"SOLAR_D-164","D-164","RLP_SL_PHOTO",178.75,"SOLAR"
"SOLAR_D-165/16","D-165/16","HE_PHOTO",100.65,"SOLAR"
"SOLAR_D-17","D-17","SH_HH_PHOTO",129.27,"SOLAR"
"SOLAR_D-170","D-170","BY_PHOTO",331.18,"SOLAR"
"SOLAR_D-171","D-171","BW_PHOTO",175.96,"SOLAR"
"SOLAR_D-172","D-172","BY_PHOTO",331.18,"SOLAR"
"SOLAR_D-173","D-173","RLP_SL_PHOTO",178.75,"SOLAR"
"SOLAR_D-174","D-174","BY_PHOTO",331.18,"SOLAR"
"SOLAR_D-175","D-175","HE_PHOTO",100.65,"SOLAR"
"SOLAR_D-176","D-176","BW_PHOTO",175.96,"SOLAR"
"SOLAR_D-177","D-177","BW_PHOTO",175.96,"SOLAR"
"SOLAR_D-178","D-178","RLP_SL_PHOTO",178.75,"SOLAR"
"SOLAR_D-18","D-18","NI_HB_PHOTO",110.77,"SOLAR"
"SOLAR_D-180","D-180","RLP_SL_PHOTO",178.75,"SOLAR"
"SOLAR_D-181","D-181","BW_PHOTO",175.96,"SOLAR"
"SOLAR_D-183","D-183","BY_PHOTO",331.18,"SOLAR"
"SOLAR_D-185","D-185","RLP_SL_PHOTO",178.75,"SOLAR"
"SOLAR_D-186","D-186","BW_PHOTO",175.96,"SOLAR"
"SOLAR_D-187","D-187","BY_PHOTO",331.18,"SOLAR"
"SOLAR_D-188","D-188","BY_PHOTO",331.18,"SOLAR"
"SOLAR_D-189","D-189","BW_PHOTO",175.96,"SOLAR"
"SOLAR_D-19","D-19","BB_B_PHOTO",229.23,"SOLAR"
"SOLAR_D-190","D-190","BY_PHOTO",331.18,"SOLAR"
"SOLAR_D-191","D-191","BY_PHOTO",331.18,"SOLAR"
"SOLAR_D-192","D-192","BW_PHOTO",175.96,"SOLAR"
"SOLAR_D-193","D-193","BY_PHOTO",331.18,"SOLAR"
"SOLAR_D-194","D-194","BW_PHOTO",175.96,"SOLAR"
"SOLAR_D-195","D-195","BW_PHOTO",175.96,"SOLAR"
"SOLAR_D-196","D-196","BW_PHOTO",175.96,"SOLAR"
"SOLAR_D-197","D-197","BY_PHOTO",331.18,"SOLAR"
"SOLAR_D-198","D-198","BY_PHOTO",331.18,"SOLAR"
"SOLAR_D-199","D-199","BW_PHOTO",175.96,"SOLAR"
"SOLAR_D-2","D-2","MV_PHOTO",178.29,"SOLAR"
"SOLAR_D-20","D-20","NI_HB_PHOTO",110.77,"SOLAR"
"SOLAR_D-200","D-200","BW_PHOTO",175.96,"SOLAR"
"SOLAR_D-201","D-201","BW_PHOTO",175.96,"SOLAR"
"SOLAR_D-203","D-203","BW_PHOTO",175.96,"SOLAR"
"SOLAR_D-205","D-205","BY_PHOTO",331.18,"SOLAR"
"SOLAR_D-206","D-206","BY_PHOTO",331.18,"SOLAR"
"SOLAR_D-207","D-207","BY_PHOTO",331.18,"SOLAR"
"SOLAR_D-208","D-208","BW_PHOTO",175.96,"SOLAR"
"SOLAR_D-209","D-209","BY_PHOTO",331.18,"SOLAR"
"SOLAR_D-21","D-21","SH_HH_PHOTO",129.27,"SOLAR"
"SOLAR_D-210","D-210","BY_PHOTO",331.18,"SOLAR"
"SOLAR_D-212","D-212","BW_PHOTO",175.96,"SOLAR"
"SOLAR_D-213","D-213","BY_PHOTO",331.18,"SOLAR"
"SOLAR_D-214","D-214","BY_PHOTO",331.18,"SOLAR"
"SOLAR_D-216","D-216","BY_PHOTO",331.18,"SOLAR"
"SOLAR_D-219","D-219","BY_PHOTO",331.18,"SOLAR"
"SOLAR_D-22","D-22","NI_HB_PHOTO",110.77,"SOLAR"
"SOLAR_D-224","D-224","BY_PHOTO",331.18,"SOLAR"
"SOLAR_D-229","D-229","RLP_SL_PHOTO",178.75,"SOLAR"
"SOLAR_D-23","D-23","SH_HH_PHOTO",129.27,"SOLAR"
"SOLAR_D-24","D-24","NI_HB_PHOTO",110.77,"SOLAR"
"SOLAR_D-25","D-25","BB_B_PHOTO",229.23,"SOLAR"
"SOLAR_D-26","D-26","NI_HB_PHOTO",110.77,"SOLAR"
"SOLAR_D-27","D-27","NI_HB_PHOTO",110.77,"SOLAR"
"SOLAR_D-29","D-29","NI_HB_PHOTO",110.77,"SOLAR"
"SOLAR_D-3","D-3","MV_PHOTO",178.29,"SOLAR"
"SOLAR_D-30","D-30","NI_HB_PHOTO",110.77,"SOLAR"
"SOLAR_D-32","D-32","NI_HB_PHOTO",110.77,"SOLAR"
"SOLAR_D-33","D-33","NI_HB_PHOTO",110.77,"SOLAR"
"SOLAR_D-34","D-34","BB_B_PHOTO",229.23,"SOLAR"
"SOLAR_D-35","D-35","BB_B_PHOTO",229.23,"SOLAR"
"SOLAR_D-36","D-36","NI_HB_PHOTO",110.77,"SOLAR"
"SOLAR_D-37","D-37","NI_HB_PHOTO",110.77,"SOLAR"
"SOLAR_D-38","D-38","BB_B_PHOTO",229.23,"SOLAR"
"SOLAR_D-39","D-39","BB_B_PHOTO",229.23,"SOLAR"
"SOLAR_D-4","D-4","SH_HH_PHOTO",129.27,"SOLAR"
"SOLAR_D-41","D-41","BB_B_PHOTO",229.23,"SOLAR"
"SOLAR_D-42","D-42","NI_HB_PHOTO",110.77,"SOLAR"
"SOLAR_D-43","D-43","NI_HB_PHOTO",110.77,"SOLAR"
"SOLAR_D-44","D-44","NI_HB_PHOTO",110.77,"SOLAR"
"SOLAR_D-45","D-45","BB_B_PHOTO",229.23,"SOLAR"
"SOLAR_D-46","D-46","BB_B_PHOTO",229.23,"SOLAR"
"SOLAR_D-47","D-47","BB_B_PHOTO",229.23,"SOLAR"
"SOLAR_D-48","D-48","NI_HB_PHOTO",110.77,"SOLAR"
"SOLAR_D-49","D-49","NI_HB_PHOTO",110.77,"SOLAR"
"SOLAR_D-5","D-5","MV_PHOTO",178.29,"SOLAR"
"SOLAR_D-50","D-50","NI_HB_PHOTO",110.77,"SOLAR"
"SOLAR_D-51","D-51","NI_HB_PHOTO",110.77,"SOLAR"
"SOLAR_D-52","D-52","ST_PHOTO",287.67,"SOLAR"
"SOLAR_D-53","D-53","NI_HB_PHOTO",110.77,"SOLAR"
"SOLAR_D-54","D-54","NRW_PHOTO",107.39,"SOLAR"
"SOLAR_D-56","D-56","NI_HB_PHOTO",110.77,"SOLAR"
"SOLAR_D-57","D-57","BB_B_PHOTO",229.23,"SOLAR"
"SOLAR_D-58","D-58","ST_PHOTO",287.67,"SOLAR"
"SOLAR_D-59","D-59","NI_HB_PHOTO",110.77,"SOLAR"
"SOLAR_D-6","D-6","SH_HH_PHOTO",129.27,"SOLAR"
"SOLAR_D-60","D-60","NI_HB_PHOTO",110.77,"SOLAR"
"SOLAR_D-61","D-61","NRW_PHOTO",107.39,"SOLAR"
"SOLAR_D-62","D-62","BB_B_PHOTO",229.23,"SOLAR"
"SOLAR_D-63","D-63","NI_HB_PHOTO",110.77,"SOLAR"
"SOLAR_D-64","D-64","NI_HB_PHOTO",110.77,"SOLAR"
"SOLAR_D-65","D-65","NI_HB_PHOTO",110.77,"SOLAR"
"SOLAR_D-66","D-66","NRW_PHOTO",107.39,"SOLAR"
"SOLAR_D-68","D-68","SN_PHOTO",102.67,"SOLAR"
"SOLAR_D-69","D-69","NI_HB_PHOTO",110.77,"SOLAR"
"SOLAR_D-7","D-7","MV_PHOTO",178.29,"SOLAR"
"SOLAR_D-70","D-70","ST_PHOTO",287.67,"SOLAR"
"SOLAR_D-71","D-71","NRW_PHOTO",107.39,"SOLAR"
"SOLAR_D-72","D-72","NRW_PHOTO",107.39,"SOLAR"
"SOLAR_D-73","D-73","NRW_PHOTO",107.39,"SOLAR"
"SOLAR_D-74","D-74","NI_HB_PHOTO",110.77,"SOLAR"
"SOLAR_D-76","D-76","NRW_PHOTO",107.39,"SOLAR"
"SOLAR_D-78","D-78","NRW_PHOTO",107.39,"SOLAR"
"SOLAR_D-79","D-79","ST_PHOTO",287.67,"SOLAR"
"SOLAR_D-8","D-8","MV_PHOTO",178.29,"SOLAR"
"SOLAR_D-80","D-80","SN_PHOTO",102.67,"SOLAR"
"SOLAR_D-81","D-81","NRW_PHOTO",107.39,"SOLAR"
"SOLAR_D-82","D-82","SN_PHOTO",102.67,"SOLAR"
"SOLAR_D-83","D-83","SN_PHOTO",102.67,"SOLAR"
"SOLAR_D-84","D-84","NRW_PHOTO",107.39,"SOLAR"
"SOLAR_D-85","D-85","ST_PHOTO",287.67,"SOLAR"
"SOLAR_D-86","D-86","NRW_PHOTO",107.39,"SOLAR"
"SOLAR_D-87","D-87","ST_PHOTO",287.67,"SOLAR"
"SOLAR_D-88","D-88","NRW_PHOTO",107.39,"SOLAR"
"SOLAR_D-89","D-89","SN_PHOTO",102.67,"SOLAR"
"SOLAR_D-9","D-9","MV_PHOTO",178.29,"SOLAR"
"SOLAR_D-90","D-90","HE_PHOTO",100.65,"SOLAR"
"SOLAR_D-91","D-91","NRW_PHOTO",107.39,"SOLAR"
"SOLAR_D-92","D-92","SN_PHOTO",102.67,"SOLAR"
"SOLAR_D-93","D-93","NRW_PHOTO",107.39,"SOLAR"
"SOLAR_D-94","D-94","SN_PHOTO",102.67,"SOLAR"
"SOLAR_D-95","D-95","NRW_PHOTO",107.39,"SOLAR"
"SOLAR_D-96","D-96","NI_HB_PHOTO",110.77,"SOLAR"
"SOLAR_D-97","D-97","NRW_PHOTO",107.39,"SOLAR"
"SOLAR_D-98","D-98","SN_PHOTO",102.67,"SOLAR"
"SOLAR_D-99","D-99","SN_PHOTO",102.67,"SOLAR"
"SOLAR_E_obermo","E_obermo","BW_PHOTO",175.96,"SOLAR"
"SOLAR_E-204","E-204","BY_PHOTO",331.18,"SOLAR"
"SOLAR_E-211","E-211","BW_PHOTO",175.96,"SOLAR"
"SOLAR_E-215","E-215","BW_PHOTO",175.96,"SOLAR"
"SOLAR_E-217","E-217","BW_PHOTO",175.96,"SOLAR"
"SOLAR_E-218","E-218","BW_PHOTO",175.96,"SOLAR"
"SOLAR_E-220","E-220","BW_PHOTO",175.96,"SOLAR"
"SOLAR_E-223","E-223","BW_PHOTO",175.96,"SOLAR"
"SOLAR_F_113","F_113","ALS_PHOTO",18.86,"SOLAR"
"SOLAR_F_Baixas","F_Baixas","LAN_PHOTO",36.5,"SOLAR"
"SOLAR_F_BoisTo","F_BoisTo","RAL_PHOTO",8.18,"SOLAR"
"SOLAR_F_canteg","F_canteg","AQUI_PHOTO",45.53,"SOLAR"
"SOLAR_F_Cornie","F_Cornie","RAL_PHOTO",8.18,"SOLAR"
"SOLAR_F_Mambel","F_Mambel","FRC_PHOTO",4.44,"SOLAR"
"SOLAR_F_Mougue","F_Mougue","AQUI_PHOTO",45.53,"SOLAR"
"SOLAR_F_Moulai","F_Moulai","LOR_PHOTO",10.94,"SOLAR"
"SOLAR_F_pragne","F_pragne","MPY_PHOTO",29.05,"SOLAR"
"SOLAR_F_Sieren","F_Sieren","ALS_PHOTO",18.86,"SOLAR"
"SOLAR_F_Vigy","F_Vigy","LOR_PHOTO",10.94,"SOLAR"
"SOLAR_F-1","F-1","NPC_PHOTO",8.3,"SOLAR"
"SOLAR_F-10","F-10","NPC_PHOTO",8.3,"SOLAR"
"SOLAR_F-100","F-100","ALS_PHOTO",18.86,"SOLAR"
"SOLAR_F-101","F-101","LOR_PHOTO",10.94,"SOLAR"
"SOLAR_F-102","F-102","CHAR_PHOTO",5.38,"SOLAR"
"SOLAR_F-103","F-103","PLOI_PHOTO",21.19,"SOLAR"
"SOLAR_F-104","F-104","LOR_PHOTO",10.94,"SOLAR"
"SOLAR_F-105","F-105","IFR_PHOTO",5.54,"SOLAR"
"SOLAR_F-106","F-106","BNOR_PHOTO",7.86,"SOLAR"
"SOLAR_F-107","F-107","ALS_PHOTO",18.86,"SOLAR"
"SOLAR_F-108","F-108","LOR_PHOTO",10.94,"SOLAR"
"SOLAR_F-109","F-109","CEN_PHOTO",9.22,"SOLAR"
"SOLAR_F-11","F-11","NPC_PHOTO",8.3,"SOLAR"
"SOLAR_F-110","F-110","CHAR_PHOTO",5.38,"SOLAR"
"SOLAR_F-111","F-111","BOUR_PHOTO",7.17,"SOLAR"
"SOLAR_F-113","F-113","BRT_PHOTO",11.64,"SOLAR"
"SOLAR_F-114","F-114","CEN_PHOTO",9.22,"SOLAR"
"SOLAR_F-115","F-115","BRT_PHOTO",11.64,"SOLAR"
"SOLAR_F-116","F-116","PLOI_PHOTO",21.19,"SOLAR"
"SOLAR_F-117","F-117","PLOI_PHOTO",21.19,"SOLAR"
"SOLAR_F-118","F-118","CEN_PHOTO",9.22,"SOLAR"
"SOLAR_F-119","F-119","CHAR_PHOTO",5.38,"SOLAR"
"SOLAR_F-120","F-120","CEN_PHOTO",9.22,"SOLAR"
"SOLAR_F-121","F-121","ALS_PHOTO",18.86,"SOLAR"
"SOLAR_F-122","F-122","PLOI_PHOTO",21.19,"SOLAR"
"SOLAR_F-123","F-123","BRT_PHOTO",11.64,"SOLAR"
"SOLAR_F-124","F-124","BOUR_PHOTO",7.17,"SOLAR"
"SOLAR_F-125","F-125","BOUR_PHOTO",7.17,"SOLAR"
"SOLAR_F-126","F-126","BRT_PHOTO",11.64,"SOLAR"
"SOLAR_F-127","F-127","BOUR_PHOTO",7.17,"SOLAR"
"SOLAR_F-128","F-128","PLOI_PHOTO",21.19,"SOLAR"
"SOLAR_F-12choo","F-12choo","CHAR_PHOTO",5.38,"SOLAR"
"SOLAR_F-13","F-13","PCD_PHOTO",2.43,"SOLAR"
"SOLAR_F-130","F-130","BRT_PHOTO",11.64,"SOLAR"
"SOLAR_F-131","F-131","FRC_PHOTO",4.44,"SOLAR"
"SOLAR_F-132","F-132","CEN_PHOTO",9.22,"SOLAR"
"SOLAR_F-133","F-133","CEN_PHOTO",9.22,"SOLAR"
"SOLAR_F-134","F-134","BOUR_PHOTO",7.17,"SOLAR"
"SOLAR_F-135","F-135","FRC_PHOTO",4.44,"SOLAR"
"SOLAR_F-136","F-136","PLOI_PHOTO",21.19,"SOLAR"
"SOLAR_F-137","F-137","CEN_PHOTO",9.22,"SOLAR"
"SOLAR_F-138","F-138","BRT_PHOTO",11.64,"SOLAR"
"SOLAR_F-139","F-139","CEN_PHOTO",9.22,"SOLAR"
"SOLAR_F-14","F-14","PCD_PHOTO",2.43,"SOLAR"
"SOLAR_F-140","F-140","CEN_PHOTO",9.22,"SOLAR"
"SOLAR_F-142","F-142","BOUR_PHOTO",7.17,"SOLAR"
"SOLAR_F-143","F-143","BOUR_PHOTO",7.17,"SOLAR"
"SOLAR_F-144","F-144","CEN_PHOTO",9.22,"SOLAR"
"SOLAR_F-145","F-145","BOUR_PHOTO",7.17,"SOLAR"
"SOLAR_F-146","F-146","PLOI_PHOTO",21.19,"SOLAR"
"SOLAR_F-147","F-147","PLOI_PHOTO",21.19,"SOLAR"
"SOLAR_F-148","F-148","FRC_PHOTO",4.44,"SOLAR"
"SOLAR_F-149","F-149","BOUR_PHOTO",7.17,"SOLAR"
"SOLAR_F-15","F-15","HNOR_PHOTO",3.79,"SOLAR"
"SOLAR_F-150","F-150","BOUR_PHOTO",7.17,"SOLAR"
"SOLAR_F-151","F-151","CEN_PHOTO",9.22,"SOLAR"
"SOLAR_F-152","F-152","BOUR_PHOTO",7.17,"SOLAR"
"SOLAR_F-153","F-153","PLOI_PHOTO",21.19,"SOLAR"
"SOLAR_F-154/15","F-154/15","PLOI_PHOTO",21.19,"SOLAR"
"SOLAR_F-157","F-157","CEN_PHOTO",9.22,"SOLAR"
"SOLAR_F-158","F-158","FRC_PHOTO",4.44,"SOLAR"
"SOLAR_F-159","F-159","PLOI_PHOTO",21.19,"SOLAR"
"SOLAR_F-16","F-16","PCD_PHOTO",2.43,"SOLAR"
"SOLAR_F-160","F-160","PLOI_PHOTO",21.19,"SOLAR"
"SOLAR_F-161","F-161","CEN_PHOTO",9.22,"SOLAR"
"SOLAR_F-162","F-162","PLOI_PHOTO",21.19,"SOLAR"
"SOLAR_F-163","F-163","FRC_PHOTO",4.44,"SOLAR"
"SOLAR_F-164","F-164","PLOI_PHOTO",21.19,"SOLAR"
"SOLAR_F-165","F-165","CEN_PHOTO",9.22,"SOLAR"
"SOLAR_F-166","F-166","BOUR_PHOTO",7.17,"SOLAR"
"SOLAR_F-167","F-167","BOUR_PHOTO",7.17,"SOLAR"
"SOLAR_F-168","F-168","FRC_PHOTO",4.44,"SOLAR"
"SOLAR_F-169","F-169","BOUR_PHOTO",7.17,"SOLAR"
"SOLAR_F-170","F-170","PCH_PHOTO",22.27,"SOLAR"
"SOLAR_F-171","F-171","FRC_PHOTO",4.44,"SOLAR"
"SOLAR_F-172","F-172","PLOI_PHOTO",21.19,"SOLAR"
"SOLAR_F-173","F-173","CEN_PHOTO",9.22,"SOLAR"
"SOLAR_F-174","F-174","BOUR_PHOTO",7.17,"SOLAR"
"SOLAR_F-175","F-175","PCH_PHOTO",22.27,"SOLAR"
"SOLAR_F-176","F-176","BOUR_PHOTO",7.17,"SOLAR"
"SOLAR_F-177","F-177","BOUR_PHOTO",7.17,"SOLAR"
"SOLAR_F-178","F-178","PLOI_PHOTO",21.19,"SOLAR"
"SOLAR_F-179","F-179","AUV_PHOTO",18,"SOLAR"
"SOLAR_F-17lonn","F-17lonn","CHAR_PHOTO",5.38,"SOLAR"
"SOLAR_F-18","F-18","CHAR_PHOTO",5.38,"SOLAR"
"SOLAR_F-180","F-180","PCH_PHOTO",22.27,"SOLAR"
"SOLAR_F-181","F-181","FRC_PHOTO",4.44,"SOLAR"
"SOLAR_F-182","F-182","RAL_PHOTO",8.18,"SOLAR"
"SOLAR_F-183","F-183","CEN_PHOTO",9.22,"SOLAR"
"SOLAR_F-185","F-185","PCH_PHOTO",22.27,"SOLAR"
"SOLAR_F-186","F-186","AUV_PHOTO",18,"SOLAR"
"SOLAR_F-187","F-187","BOUR_PHOTO",7.17,"SOLAR"
"SOLAR_F-188","F-188","AUV_PHOTO",18,"SOLAR"
"SOLAR_F-189","F-189","RAL_PHOTO",8.18,"SOLAR"
"SOLAR_F-19","F-19","HNOR_PHOTO",3.79,"SOLAR"
"SOLAR_F-190/19","F-190/19","PCH_PHOTO",22.27,"SOLAR"
"SOLAR_F-193","F-193","AUV_PHOTO",18,"SOLAR"
"SOLAR_F-194","F-194","RAL_PHOTO",8.18,"SOLAR"
"SOLAR_F-195","F-195","RAL_PHOTO",8.18,"SOLAR"
"SOLAR_F-196","F-196","PCH_PHOTO",22.27,"SOLAR"
"SOLAR_F-197","F-197","PCH_PHOTO",22.27,"SOLAR"
"SOLAR_F-198","F-198","RAL_PHOTO",8.18,"SOLAR"
"SOLAR_F-199","F-199","RAL_PHOTO",8.18,"SOLAR"
"SOLAR_F-2","F-2","NPC_PHOTO",8.3,"SOLAR"
"SOLAR_F-20","F-20","PCD_PHOTO",2.43,"SOLAR"
"SOLAR_F-200","F-200","RAL_PHOTO",8.18,"SOLAR"
"SOLAR_F-201","F-201","LIM_PHOTO",13.38,"SOLAR"
"SOLAR_F-202","F-202","RAL_PHOTO",8.18,"SOLAR"
"SOLAR_F-203","F-203","LIM_PHOTO",13.38,"SOLAR"
"SOLAR_F-204","F-204","RAL_PHOTO",8.18,"SOLAR"
"SOLAR_F-205","F-205","LIM_PHOTO",13.38,"SOLAR"
"SOLAR_F-206","F-206","RAL_PHOTO",8.18,"SOLAR"
"SOLAR_F-207","F-207","PCH_PHOTO",22.27,"SOLAR"
"SOLAR_F-208","F-208","LIM_PHOTO",13.38,"SOLAR"
"SOLAR_F-209","F-209","LIM_PHOTO",13.38,"SOLAR"
"SOLAR_F-21","F-21","PCD_PHOTO",2.43,"SOLAR"
"SOLAR_F-210","F-210","RAL_PHOTO",8.18,"SOLAR"
"SOLAR_F-211","F-211","RAL_PHOTO",8.18,"SOLAR"
"SOLAR_F-212","F-212","RAL_PHOTO",8.18,"SOLAR"
"SOLAR_F-213","F-213","AUV_PHOTO",18,"SOLAR"
"SOLAR_F-214","F-214","LIM_PHOTO",13.38,"SOLAR"
"SOLAR_F-215","F-215","RAL_PHOTO",8.18,"SOLAR"
"SOLAR_F-216","F-216","RAL_PHOTO",8.18,"SOLAR"
"SOLAR_F-217","F-217","RAL_PHOTO",8.18,"SOLAR"
"SOLAR_F-218","F-218","RAL_PHOTO",8.18,"SOLAR"
"SOLAR_F-219","F-219","RAL_PHOTO",8.18,"SOLAR"
"SOLAR_F-22","F-22","HNOR_PHOTO",3.79,"SOLAR"
"SOLAR_F-220","F-220","AUV_PHOTO",18,"SOLAR"
"SOLAR_F-221/22","F-221/22","PCH_PHOTO",22.27,"SOLAR"
"SOLAR_F-223","F-223","RAL_PHOTO",8.18,"SOLAR"
"SOLAR_F-224","F-224","PCH_PHOTO",22.27,"SOLAR"
"SOLAR_F-225","F-225","RAL_PHOTO",8.18,"SOLAR"
"SOLAR_F-226","F-226","RAL_PHOTO",8.18,"SOLAR"
"SOLAR_F-227","F-227","LIM_PHOTO",13.38,"SOLAR"
"SOLAR_F-228","F-228","RAL_PHOTO",8.18,"SOLAR"
"SOLAR_F-229","F-229","RAL_PHOTO",8.18,"SOLAR"
"SOLAR_F-23","F-23","PCD_PHOTO",2.43,"SOLAR"
"SOLAR_F-230","F-230","RAL_PHOTO",8.18,"SOLAR"
"SOLAR_F-231","F-231","RAL_PHOTO",8.18,"SOLAR"
"SOLAR_F-232","F-232","RAL_PHOTO",8.18,"SOLAR"
"SOLAR_F-233","F-233","RAL_PHOTO",8.18,"SOLAR"
"SOLAR_F-234","F-234","AUV_PHOTO",18,"SOLAR"
"SOLAR_F-235","F-235","AUV_PHOTO",18,"SOLAR"
"SOLAR_F-236","F-236","RAL_PHOTO",8.18,"SOLAR"
"SOLAR_F-237","F-237","LIM_PHOTO",13.38,"SOLAR"
"SOLAR_F-238","F-238","AQUI_PHOTO",45.53,"SOLAR"
"SOLAR_F-239","F-239","AUV_PHOTO",18,"SOLAR"
"SOLAR_F-24","F-24","LOR_PHOTO",10.94,"SOLAR"
"SOLAR_F-240","F-240","AQUI_PHOTO",45.53,"SOLAR"
"SOLAR_F-241","F-241","RAL_PHOTO",8.18,"SOLAR"
"SOLAR_F-242","F-242","PCH_PHOTO",22.27,"SOLAR"
"SOLAR_F-243","F-243","RAL_PHOTO",8.18,"SOLAR"
"SOLAR_F-244","F-244","AUV_PHOTO",18,"SOLAR"
"SOLAR_F-245","F-245","AQUI_PHOTO",45.53,"SOLAR"
"SOLAR_F-246","F-246","AUV_PHOTO",18,"SOLAR"
"SOLAR_F-247","F-247","AQUI_PHOTO",45.53,"SOLAR"
"SOLAR_F-248","F-248","AUV_PHOTO",18,"SOLAR"
"SOLAR_F-249","F-249","RAL_PHOTO",8.18,"SOLAR"
"SOLAR_F-250","F-250","RAL_PHOTO",8.18,"SOLAR"
"SOLAR_F-251","F-251","RAL_PHOTO",8.18,"SOLAR"
"SOLAR_F-252","F-252","MPY_PHOTO",29.05,"SOLAR"
"SOLAR_F-253","F-253","AQUI_PHOTO",45.53,"SOLAR"
"SOLAR_F-254","F-254","LAN_PHOTO",36.5,"SOLAR"
"SOLAR_F-255","F-255","AUV_PHOTO",18,"SOLAR"
"SOLAR_F-256","F-256","RAL_PHOTO",8.18,"SOLAR"
"SOLAR_F-257","F-257","RAL_PHOTO",8.18,"SOLAR"
"SOLAR_F-258","F-258","PACA_PHOTO",36.1,"SOLAR"
"SOLAR_F-259","F-259","RAL_PHOTO",8.18,"SOLAR"
"SOLAR_F-26","F-26","HNOR_PHOTO",3.79,"SOLAR"
"SOLAR_F-260","F-260","MPY_PHOTO",29.05,"SOLAR"
"SOLAR_F-261","F-261","MPY_PHOTO",29.05,"SOLAR"
"SOLAR_F-262","F-262","AQUI_PHOTO",45.53,"SOLAR"
"SOLAR_F-263","F-263","AQUI_PHOTO",45.53,"SOLAR"
"SOLAR_F-264","F-264","RAL_PHOTO",8.18,"SOLAR"
"SOLAR_F-265","F-265","AQUI_PHOTO",45.53,"SOLAR"
"SOLAR_F-266","F-266","AQUI_PHOTO",45.53,"SOLAR"
"SOLAR_F-267","F-267","RAL_PHOTO",8.18,"SOLAR"
"SOLAR_F-268","F-268","MPY_PHOTO",29.05,"SOLAR"
"SOLAR_F-269","F-269","PACA_PHOTO",36.1,"SOLAR"
"SOLAR_F-27","F-27","CHAR_PHOTO",5.38,"SOLAR"
"SOLAR_F-270","F-270","PACA_PHOTO",36.1,"SOLAR"
"SOLAR_F-271","F-271","PACA_PHOTO",36.1,"SOLAR"
"SOLAR_F-272","F-272","LAN_PHOTO",36.5,"SOLAR"
"SOLAR_F-273","F-273","AQUI_PHOTO",45.53,"SOLAR"
"SOLAR_F-274","F-274","PACA_PHOTO",36.1,"SOLAR"
"SOLAR_F-275","F-275","PACA_PHOTO",36.1,"SOLAR"
"SOLAR_F-276","F-276","PACA_PHOTO",36.1,"SOLAR"
"SOLAR_F-277","F-277","MPY_PHOTO",29.05,"SOLAR"
"SOLAR_F-278","F-278","LAN_PHOTO",36.5,"SOLAR"
"SOLAR_F-279","F-279","MPY_PHOTO",29.05,"SOLAR"
"SOLAR_F-28","F-28","LOR_PHOTO",10.94,"SOLAR"
"SOLAR_F-280","F-280","PACA_PHOTO",36.1,"SOLAR"
"SOLAR_F-281","F-281","MPY_PHOTO",29.05,"SOLAR"
"SOLAR_F-282","F-282","PACA_PHOTO",36.1,"SOLAR"
"SOLAR_F-283","F-283","PACA_PHOTO",36.1,"SOLAR"
"SOLAR_F-285","F-285","LAN_PHOTO",36.5,"SOLAR"
"SOLAR_F-286","F-286","PACA_PHOTO",36.1,"SOLAR"
"SOLAR_F-287","F-287","PACA_PHOTO",36.1,"SOLAR"
"SOLAR_F-288","F-288","PACA_PHOTO",36.1,"SOLAR"
"SOLAR_F-289","F-289","AQUI_PHOTO",45.53,"SOLAR"
"SOLAR_F-29","F-29","HNOR_PHOTO",3.79,"SOLAR"
"SOLAR_F-290","F-290","LAN_PHOTO",36.5,"SOLAR"
"SOLAR_F-291","F-291","PACA_PHOTO",36.1,"SOLAR"
"SOLAR_F-292","F-292","MPY_PHOTO",29.05,"SOLAR"
"SOLAR_F-293","F-293","PACA_PHOTO",36.1,"SOLAR"
"SOLAR_F-294","F-294","LAN_PHOTO",36.5,"SOLAR"
"SOLAR_F-295","F-295","LAN_PHOTO",36.5,"SOLAR"
"SOLAR_F-296","F-296","LAN_PHOTO",36.5,"SOLAR"
"SOLAR_F-297","F-297","PACA_PHOTO",36.1,"SOLAR"
"SOLAR_F-298","F-298","MPY_PHOTO",29.05,"SOLAR"
"SOLAR_F-299","F-299","PACA_PHOTO",36.1,"SOLAR"
"SOLAR_F-3","F-3","NPC_PHOTO",8.3,"SOLAR"
"SOLAR_F-30","F-30","HNOR_PHOTO",3.79,"SOLAR"
"SOLAR_F-300","F-300","MPY_PHOTO",29.05,"SOLAR"
"SOLAR_F-301","F-301","MPY_PHOTO",29.05,"SOLAR"
"SOLAR_F-302","F-302","MPY_PHOTO",29.05,"SOLAR"
"SOLAR_F-303","F-303","PACA_PHOTO",36.1,"SOLAR"
"SOLAR_F-305","F-305","PACA_PHOTO",36.1,"SOLAR"
"SOLAR_F-306","F-306","PACA_PHOTO",36.1,"SOLAR"
"SOLAR_F-307","F-307","MPY_PHOTO",29.05,"SOLAR"
"SOLAR_F-308","F-308","LAN_PHOTO",36.5,"SOLAR"
"SOLAR_F-309","F-309","LAN_PHOTO",36.5,"SOLAR"
"SOLAR_F-31","F-31","PCD_PHOTO",2.43,"SOLAR"
"SOLAR_F-310","F-310","PACA_PHOTO",36.1,"SOLAR"
"SOLAR_F-311","F-311","AQUI_PHOTO",45.53,"SOLAR"
"SOLAR_F-312","F-312","LAN_PHOTO",36.5,"SOLAR"
"SOLAR_F-313","F-313","LAN_PHOTO",36.5,"SOLAR"
"SOLAR_F-314","F-314","LAN_PHOTO",36.5,"SOLAR"
"SOLAR_F-315","F-315","MPY_PHOTO",29.05,"SOLAR"
"SOLAR_F-316","F-316","MPY_PHOTO",29.05,"SOLAR"
"SOLAR_F-317","F-317","MPY_PHOTO",29.05,"SOLAR"
"SOLAR_F-318","F-318","AQUI_PHOTO",45.53,"SOLAR"
"SOLAR_F-319","F-319","MPY_PHOTO",29.05,"SOLAR"
"SOLAR_F-32","F-32","HNOR_PHOTO",3.79,"SOLAR"
"SOLAR_F-322","F-322","MPY_PHOTO",29.05,"SOLAR"
"SOLAR_F-33","F-33","PCD_PHOTO",2.43,"SOLAR"
"SOLAR_F-34","F-34","BNOR_PHOTO",7.86,"SOLAR"
"SOLAR_F-35","F-35","PCD_PHOTO",2.43,"SOLAR"
"SOLAR_F-36","F-36","PCD_PHOTO",2.43,"SOLAR"
"SOLAR_F-37","F-37","HNOR_PHOTO",3.79,"SOLAR"
"SOLAR_F-38","F-38","LOR_PHOTO",10.94,"SOLAR"
"SOLAR_F-4","F-4","NPC_PHOTO",8.3,"SOLAR"
"SOLAR_F-40","F-40","PCD_PHOTO",2.43,"SOLAR"
"SOLAR_F-41","F-41","LOR_PHOTO",10.94,"SOLAR"
"SOLAR_F-42","F-42","HNOR_PHOTO",3.79,"SOLAR"
"SOLAR_F-43","F-43","CHAR_PHOTO",5.38,"SOLAR"
"SOLAR_F-44","F-44","PCD_PHOTO",2.43,"SOLAR"
"SOLAR_F-45","F-45","HNOR_PHOTO",3.79,"SOLAR"
"SOLAR_F-46/47","F-46/47","CHAR_PHOTO",5.38,"SOLAR"
"SOLAR_F-48","F-48","LOR_PHOTO",10.94,"SOLAR"
"SOLAR_F-49","F-49","PCD_PHOTO",2.43,"SOLAR"
"SOLAR_F-5","F-5","NPC_PHOTO",8.3,"SOLAR"
"SOLAR_F-50","F-50","HNOR_PHOTO",3.79,"SOLAR"
"SOLAR_F-51","F-51","BNOR_PHOTO",7.86,"SOLAR"
"SOLAR_F-52","F-52","CHAR_PHOTO",5.38,"SOLAR"
"SOLAR_F-53","F-53","HNOR_PHOTO",3.79,"SOLAR"
"SOLAR_F-54","F-54","BNOR_PHOTO",7.86,"SOLAR"
"SOLAR_F-55","F-55","CHAR_PHOTO",5.38,"SOLAR"
"SOLAR_F-56","F-56","PCD_PHOTO",2.43,"SOLAR"
"SOLAR_F-57","F-57","IFR_PHOTO",5.54,"SOLAR"
"SOLAR_F-58","F-58","ALS_PHOTO",18.86,"SOLAR"
"SOLAR_F-59","F-59","IFR_PHOTO",5.54,"SOLAR"
"SOLAR_F-61","F-61","HNOR_PHOTO",3.79,"SOLAR"
"SOLAR_F-62","F-62","HNOR_PHOTO",3.79,"SOLAR"
"SOLAR_F-63","F-63","LOR_PHOTO",10.94,"SOLAR"
"SOLAR_F-64","F-64","IFR_PHOTO",5.54,"SOLAR"
"SOLAR_F-65","F-65","IFR_PHOTO",5.54,"SOLAR"
"SOLAR_F-66","F-66","LOR_PHOTO",10.94,"SOLAR"
"SOLAR_F-67","F-67","IFR_PHOTO",5.54,"SOLAR"
"SOLAR_F-68","F-68","LOR_PHOTO",10.94,"SOLAR"
"SOLAR_F-69","F-69","CHAR_PHOTO",5.38,"SOLAR"
"SOLAR_F-6Aveli","F-6Aveli","NPC_PHOTO",8.3,"SOLAR"
"SOLAR_F-7","F-7","NPC_PHOTO",8.3,"SOLAR"
"SOLAR_F-70","F-70","IFR_PHOTO",5.54,"SOLAR"
"SOLAR_F-71","F-71","ALS_PHOTO",18.86,"SOLAR"
"SOLAR_F-72","F-72","LOR_PHOTO",10.94,"SOLAR"
"SOLAR_F-73","F-73","BRT_PHOTO",11.64,"SOLAR"
"SOLAR_F-74","F-74","IFR_PHOTO",5.54,"SOLAR"
"SOLAR_F-75","F-75","CHAR_PHOTO",5.38,"SOLAR"
"SOLAR_F-76","F-76","IFR_PHOTO",5.54,"SOLAR"
"SOLAR_F-77","F-77","IFR_PHOTO",5.54,"SOLAR"
"SOLAR_F-78","F-78","IFR_PHOTO",5.54,"SOLAR"
"SOLAR_F-79","F-79","BNOR_PHOTO",7.86,"SOLAR"
"SOLAR_F-80","F-80","BNOR_PHOTO",7.86,"SOLAR"
"SOLAR_F-81","F-81","IFR_PHOTO",5.54,"SOLAR"
"SOLAR_F-82","F-82","CEN_PHOTO",9.22,"SOLAR"
"SOLAR_F-83","F-83","LOR_PHOTO",10.94,"SOLAR"
"SOLAR_F-84","F-84","BRT_PHOTO",11.64,"SOLAR"
"SOLAR_F-85","F-85","BRT_PHOTO",11.64,"SOLAR"
"SOLAR_F-86","F-86","LOR_PHOTO",10.94,"SOLAR"
"SOLAR_F-87","F-87","CHAR_PHOTO",5.38,"SOLAR"
"SOLAR_F-88","F-88","BRT_PHOTO",11.64,"SOLAR"
"SOLAR_F-89","F-89","CHAR_PHOTO",5.38,"SOLAR"
"SOLAR_F-9","F-9","NPC_PHOTO",8.3,"SOLAR"
"SOLAR_F-90","F-90","BNOR_PHOTO",7.86,"SOLAR"
"SOLAR_F-91","F-91","BRT_PHOTO",11.64,"SOLAR"
"SOLAR_F-92","F-92","BRT_PHOTO",11.64,"SOLAR"
"SOLAR_F-93","F-93","LOR_PHOTO",10.94,"SOLAR"
"SOLAR_F-94","F-94","BRT_PHOTO",11.64,"SOLAR"
"SOLAR_F-95","F-95","BRT_PHOTO",11.64,"SOLAR"
"SOLAR_F-96","F-96","CHAR_PHOTO",5.38,"SOLAR"
"SOLAR_F-97","F-97","LOR_PHOTO",10.94,"SOLAR"
"SOLAR_F-98","F-98","IFR_PHOTO",5.54,"SOLAR"
"SOLAR_F-99","F-99","CEN_PHOTO",9.22,"SOLAR"
"SOLAR_Lx-1","Lx-1","WAL_PHOTO",35.54,"SOLAR"
"SOLAR_Lx-2","Lx-2","WAL_PHOTO",35.54,"SOLAR"
"SOLAR_Lx-3","Lx-3","WAL_PHOTO",35.54,"SOLAR"
"SOLAR_NL_Borss","NL_Borss","NL_PHOTO",30.79,"SOLAR"
"SOLAR_NL_Geert","NL_Geert","NL_PHOTO",30.79,"SOLAR"
"SOLAR_NL_Henge","NL_Henge","NL_PHOTO",30.79,"SOLAR"
"SOLAR_NL_Maasb","NL_Maasb","NL_PHOTO",30.79,"SOLAR"
"SOLAR_NL_Meede","NL_Meede","NL_PHOTO",30.79,"SOLAR"
"SOLAR_NL-1","NL-1","NL_PHOTO",30.79,"SOLAR"
"SOLAR_NL-10","NL-10","NL_PHOTO",30.79,"SOLAR"
"SOLAR_NL-11","NL-11","NL_PHOTO",30.79,"SOLAR"
"SOLAR_NL-13","NL-13","NL_PHOTO",30.79,"SOLAR"
"SOLAR_NL-14","NL-14","NL_PHOTO",30.79,"SOLAR"
"SOLAR_NL-15","NL-15","NL_PHOTO",30.79,"SOLAR"
"SOLAR_NL-16","NL-16","NL_PHOTO",30.79,"SOLAR"
"SOLAR_NL-17","NL-17","NL_PHOTO",30.79,"SOLAR"
"SOLAR_NL-19","NL-19","NL_PHOTO",30.79,"SOLAR"
"SOLAR_NL-2","NL-2","NL_PHOTO",30.79,"SOLAR"
"SOLAR_NL-20","NL-20","NL_PHOTO",30.79,"SOLAR"
"SOLAR_NL-22","NL-22","NL_PHOTO",30.79,"SOLAR"
"SOLAR_NL-3","NL-3","NL_PHOTO",30.79,"SOLAR"
"SOLAR_NL-4","NL-4","NL_PHOTO",30.79,"SOLAR"
"SOLAR_NL-6","NL-6","NL_PHOTO",30.79,"SOLAR"
"SOLAR_NL-7","NL-7","NL_PHOTO",30.79,"SOLAR"
"SOLAR_NL-8","NL-8","NL_PHOTO",30.79,"SOLAR"
"SOLAR_NL-9","NL-9","NL_PHOTO",30.79,"SOLAR"
"SOLAR_NL-new1","NL-new1","NL_PHOTO",30.79,"SOLAR"
"WIND_A_Burs","A_Burs","AT_WIND",58.17,"WIND"
"WIND_A_st.Pet","A_st.Pet","AT_WIND",58.17,"WIND"
"WIND_A_Westti","A_Westti","AT_WIND",58.17,"WIND"
"WIND_A-1","A-1","AT_WIND",58.17,"WIND"
"WIND_A-10","A-10","AT_WIND",58.17,"WIND"
"WIND_A-11","A-11","AT_WIND",58.17,"WIND"
"WIND_A-12","A-12","AT_WIND",58.17,"WIND"
"WIND_A-13","A-13","AT_WIND",58.17,"WIND"
"WIND_A-14","A-14","AT_WIND",58.17,"WIND"
"WIND_A-15","A-15","AT_WIND",58.17,"WIND"
"WIND_A-16","A-16","AT_WIND",58.17,"WIND"
"WIND_A-18","A-18","AT_WIND",58.17,"WIND"
"WIND_A-19","A-19","AT_WIND",58.17,"WIND"
"WIND_A-2","A-2","AT_WIND",58.17,"WIND"
"WIND_A-20","A-20","AT_WIND",58.17,"WIND"
"WIND_A-21","A-21","AT_WIND",58.17,"WIND"
"WIND_A-22","A-22","AT_WIND",58.17,"WIND"
"WIND_A-24","A-24","AT_WIND",58.17,"WIND"
"WIND_A-25","A-25","AT_WIND",58.17,"WIND"
"WIND_A-26","A-26","AT_WIND",58.17,"WIND"
"WIND_A-27","A-27","AT_WIND",58.17,"WIND"
"WIND_A-29","A-29","AT_WIND",58.17,"WIND"
"WIND_A-3","A-3","AT_WIND",58.17,"WIND"
"WIND_A-30","A-30","AT_WIND",58.17,"WIND"
"WIND_A-31","A-31","AT_WIND",58.17,"WIND"
"WIND_A-32","A-32","AT_WIND",58.17,"WIND"
"WIND_A-33","A-33","AT_WIND",58.17,"WIND"
"WIND_A-34","A-34","AT_WIND",58.17,"WIND"
"WIND_A-35","A-35","AT_WIND",58.17,"WIND"
"WIND_A-36","A-36","AT_WIND",58.17,"WIND"
"WIND_A-4","A-4","AT_WIND",58.17,"WIND"
"WIND_A-5","A-5","AT_WIND",58.17,"WIND"
"WIND_A-6","A-6","AT_WIND",58.17,"WIND"
"WIND_A-7","A-7","AT_WIND",58.17,"WIND"
"WIND_A-8","A-8","AT_WIND",58.17,"WIND"
"WIND_B_15","B_15","BE_WIND",47.17,"WIND"
"WIND_B_Achene","B_Achene","BE_WIND",47.17,"WIND"
"WIND_B_Aubang","B_Aubang","BE_WIND",47.17,"WIND"
"WIND_B_meerho","B_meerho","BE_WIND",47.17,"WIND"
"WIND_B_Moncea","B_Moncea","BE_WIND",47.17,"WIND"
"WIND_B_Zandvl","B_Zandvl","BE_WIND",47.17,"WIND"
"WIND_B-10","B-10","BE_WIND",47.17,"WIND"
"WIND_B-11","B-11","BE_WIND",47.17,"WIND"
"WIND_B-12Avel","B-12Avel","BE_WIND",47.17,"WIND"
"WIND_B-13","B-13","BE_WIND",47.17,"WIND"
"WIND_B-15","B-15","BE_WIND",47.17,"WIND"
"WIND_B-16","B-16","BE_WIND",47.17,"WIND"
"WIND_B-17","B-17","BE_WIND",47.17,"WIND"
"WIND_B-18","B-18","BE_WIND",47.17,"WIND"
"WIND_B-2","B-2","BE_WIND",47.17,"WIND"
"WIND_B-20","B-20","BE_WIND",47.17,"WIND"
"WIND_B-3","B-3","BE_WIND",47.17,"WIND"
"WIND_B-4","B-4","BE_WIND",47.17,"WIND"
"WIND_B-5","B-5","BE_WIND",47.17,"WIND"
"WIND_B-6","B-6","BE_WIND",47.17,"WIND"
"WIND_B-7","B-7","BE_WIND",47.17,"WIND"
"WIND_B-8","B-8","BE_WIND",47.17,"WIND"
"WIND_B-9","B-9","BE_WIND",47.17,"WIND"
"WIND_D_185","D_185","Amprion_WIND",238.08,"WIND"
"WIND_D_233","D_233","TenneT_WIND",35.79,"WIND"
"WIND_D_Connef","D_Connef","TenneT_WIND",240.98,"WIND"
"WIND_D_Diele","D_Diele","TenneT_WIND",240.98,"WIND"
"WIND_D_Eichst","D_Eichst","TransnetBW_WIND",24.25,"WIND"
"WIND_D_engstl","D_engstl","TransnetBW_WIND",24.25,"WIND"
"WIND_D_Gronau","D_Gronau","Amprion_WIND",100.32,"WIND"
"WIND_D_kuhmoo","D_kuhmoo","TransnetBW_WIND",24.25,"WIND"
"WIND_D_leupol","D_leupol","TenneT_WIND",35.79,"WIND"
"WIND_D_oberbr","D_oberbr","TenneT_WIND",35.79,"WIND"
"WIND_D_Rommer","D_Rommer","Amprion_WIND",100.32,"WIND"
"WIND_D_Siersd","D_Siersd","Amprion_WIND",100.32,"WIND"
"WIND_D_Tienge","D_Tienge","TransnetBW_WIND",24.25,"WIND"
"WIND_D-1","D-1","TenneT_WIND",373.6,"WIND"
"WIND_D-10","D-10","TenneT_WIND",373.6,"WIND"
"WIND_D-100","D-100","Amprion_WIND",100.32,"WIND"
"WIND_D-101","D-101","Amprion_WIND",100.32,"WIND"
"WIND_D-102","D-102","Amprion_WIND",100.32,"WIND"
"WIND_D-103","D-103","50Hertz_WIND",70.57,"WIND"
"WIND_D-104","D-104","Amprion_WIND",100.32,"WIND"
"WIND_D-105","D-105","Amprion_WIND",100.32,"WIND"
"WIND_D-106","D-106","TenneT_WIND",58.29,"WIND"
"WIND_D-107","D-107","TenneT_WIND",58.29,"WIND"
"WIND_D-108","D-108","Amprion_WIND",100.32,"WIND"
"WIND_D-109","D-109","Amprion_WIND",100.32,"WIND"
"WIND_D-11","D-11","TenneT_WIND",373.6,"WIND"
"WIND_D-110","D-110","Amprion_WIND",100.32,"WIND"
"WIND_D-111","D-111","Amprion_WIND",100.32,"WIND"
"WIND_D-112","D-112","TenneT_WIND",58.29,"WIND"
"WIND_D-113","D-113","50Hertz_WIND",70.57,"WIND"
"WIND_D-114","D-114","50Hertz_WIND",181.12,"WIND"
"WIND_D-115","D-115","50Hertz_WIND",181.12,"WIND"
"WIND_D-116","D-116","Amprion_WIND",100.32,"WIND"
"WIND_D-117","D-117","50Hertz_WIND",70.57,"WIND"
"WIND_D-118","D-118","50Hertz_WIND",181.12,"WIND"
"WIND_D-12","D-12","TenneT_WIND",373.6,"WIND"
"WIND_D-120","D-120","Amprion_WIND",100.32,"WIND"
"WIND_D-121","D-121","50Hertz_WIND",70.57,"WIND"
"WIND_D-122","D-122","50Hertz_WIND",70.57,"WIND"
"WIND_D-123","D-123","Amprion_WIND",100.32,"WIND"
"WIND_D-124","D-124","TenneT_WIND",58.29,"WIND"
"WIND_D-125","D-125","50Hertz_WIND",70.57,"WIND"
"WIND_D-126","D-126","Amprion_WIND",100.32,"WIND"
"WIND_D-127","D-127","Amprion_WIND",100.32,"WIND"
"WIND_D-129","D-129","50Hertz_WIND",181.12,"WIND"
"WIND_D-13","D-13","50Hertz_WIND",410.69,"WIND"
"WIND_D-130","D-130","TenneT_WIND",58.29,"WIND"
"WIND_D-131","D-131","Amprion_WIND",100.32,"WIND"
"WIND_D-133","D-133","TenneT_WIND",58.29,"WIND"
"WIND_D-134","D-134","50Hertz_WIND",181.12,"WIND"
"WIND_D-135","D-135","50Hertz_WIND",181.12,"WIND"
"WIND_D-136","D-136","Amprion_WIND",100.32,"WIND"
"WIND_D-137","D-137","Amprion_WIND",100.32,"WIND"
"WIND_D-138","D-138","TenneT_WIND",58.29,"WIND"
"WIND_D-139","D-139","TenneT_WIND",58.29,"WIND"
"WIND_D-14","D-14","TenneT_WIND",373.6,"WIND"
"WIND_D-140","D-140","TenneT_WIND",35.79,"WIND"
"WIND_D-141","D-141","Amprion_WIND",100.32,"WIND"
"WIND_D-142","D-142","TenneT_WIND",35.79,"WIND"
"WIND_D-143","D-143","TenneT_WIND",58.29,"WIND"
"WIND_D-144","D-144","Amprion_WIND",238.08,"WIND"
"WIND_D-145","D-145","Amprion_WIND",238.08,"WIND"
"WIND_D-146","D-146","Amprion_WIND",238.08,"WIND"
"WIND_D-147","D-147","Amprion_WIND",100.32,"WIND"
"WIND_D-148","D-148","TenneT_WIND",58.29,"WIND"
"WIND_D-15","D-15","50Hertz_WIND",365.83,"WIND"
"WIND_D-150","D-150","TenneT_WIND",35.79,"WIND"
"WIND_D-151","D-151","TenneT_WIND",35.79,"WIND"
"WIND_D-152","D-152","TenneT_WIND",58.29,"WIND"
"WIND_D-153","D-153","TenneT_WIND",58.29,"WIND"
"WIND_D-154","D-154","TenneT_WIND",35.79,"WIND"
"WIND_D-156","D-156","TenneT_WIND",35.79,"WIND"
"WIND_D-157","D-157","TenneT_WIND",58.29,"WIND"
"WIND_D-158","D-158","TenneT_WIND",58.29,"WIND"
"WIND_D-159","D-159","TenneT_WIND",35.79,"WIND"
"WIND_D-16","D-16","TenneT_WIND",373.6,"WIND"
"WIND_D-160","D-160","Amprion_WIND",238.08,"WIND"
"WIND_D-161","D-161","TenneT_WIND",35.79,"WIND"
"WIND_D-162","D-162","Amprion_WIND",238.08,"WIND"
"WIND_D-163","D-163","TransnetBW_WIND",24.25,"WIND"
"WIND_D-164","D-164","Amprion_WIND",238.08,"WIND"
"WIND_D-165/16","D-165/16","TenneT_WIND",58.29,"WIND"
"WIND_D-17","D-17","TenneT_WIND",373.6,"WIND"
"WIND_D-170","D-170","TenneT_WIND",35.79,"WIND"
"WIND_D-171","D-171","TransnetBW_WIND",24.25,"WIND"
"WIND_D-172","D-172","TenneT_WIND",35.79,"WIND"
"WIND_D-173","D-173","Amprion_WIND",238.08,"WIND"
"WIND_D-174","D-174","TenneT_WIND",35.79,"WIND"
"WIND_D-175","D-175","TenneT_WIND",58.29,"WIND"
"WIND_D-176","D-176","TransnetBW_WIND",24.25,"WIND"
"WIND_D-177","D-177","TransnetBW_WIND",24.25,"WIND"
"WIND_D-178","D-178","Amprion_WIND",238.08,"WIND"
"WIND_D-18","D-18","TenneT_WIND",240.98,"WIND"
"WIND_D-180","D-180","Amprion_WIND",238.08,"WIND"
"WIND_D-181","D-181","TransnetBW_WIND",24.25,"WIND"
"WIND_D-183","D-183","TenneT_WIND",35.79,"WIND"
"WIND_D-185","D-185","Amprion_WIND",238.08,"WIND"
"WIND_D-186","D-186","TransnetBW_WIND",24.25,"WIND"
"WIND_D-187","D-187","TenneT_WIND",35.79,"WIND"
"WIND_D-188","D-188","TenneT_WIND",35.79,"WIND"
"WIND_D-189","D-189","TransnetBW_WIND",24.25,"WIND"
"WIND_D-19","D-19","50Hertz_WIND",410.69,"WIND"
"WIND_D-190","D-190","TenneT_WIND",35.79,"WIND"
"WIND_D-191","D-191","TenneT_WIND",35.79,"WIND"
"WIND_D-192","D-192","TransnetBW_WIND",24.25,"WIND"
"WIND_D-193","D-193","TenneT_WIND",35.79,"WIND"
"WIND_D-194","D-194","TransnetBW_WIND",24.25,"WIND"
"WIND_D-195","D-195","TransnetBW_WIND",24.25,"WIND"
"WIND_D-196","D-196","TransnetBW_WIND",24.25,"WIND"
"WIND_D-197","D-197","TenneT_WIND",35.79,"WIND"
"WIND_D-198","D-198","TenneT_WIND",35.79,"WIND"
"WIND_D-199","D-199","TransnetBW_WIND",24.25,"WIND"
"WIND_D-2","D-2","50Hertz_WIND",365.83,"WIND"
"WIND_D-20","D-20","TenneT_WIND",240.98,"WIND"
"WIND_D-200","D-200","TransnetBW_WIND",24.25,"WIND"
"WIND_D-201","D-201","TransnetBW_WIND",24.25,"WIND"
"WIND_D-203","D-203","TransnetBW_WIND",24.25,"WIND"
"WIND_D-205","D-205","TenneT_WIND",35.79,"WIND"
"WIND_D-206","D-206","TenneT_WIND",35.79,"WIND"
"WIND_D-207","D-207","TenneT_WIND",35.79,"WIND"
"WIND_D-208","D-208","TransnetBW_WIND",24.25,"WIND"
"WIND_D-209","D-209","TenneT_WIND",35.79,"WIND"
"WIND_D-21","D-21","TenneT_WIND",373.6,"WIND"
"WIND_D-210","D-210","TenneT_WIND",35.79,"WIND"
"WIND_D-212","D-212","TransnetBW_WIND",24.25,"WIND"
"WIND_D-213","D-213","TenneT_WIND",35.79,"WIND"
"WIND_D-214","D-214","TenneT_WIND",35.79,"WIND"
"WIND_D-216","D-216","TenneT_WIND",35.79,"WIND"
"WIND_D-219","D-219","TenneT_WIND",35.79,"WIND"
"WIND_D-22","D-22","TenneT_WIND",240.98,"WIND"
"WIND_D-224","D-224","TenneT_WIND",35.79,"WIND"
"WIND_D-229","D-229","Amprion_WIND",238.08,"WIND"
"WIND_D-23","D-23","TenneT_WIND",373.6,"WIND"
"WIND_D-24","D-24","TenneT_WIND",240.98,"WIND"
"WIND_D-25","D-25","50Hertz_WIND",410.69,"WIND"
"WIND_D-26","D-26","TenneT_WIND",240.98,"WIND"
"WIND_D-27","D-27","TenneT_WIND",240.98,"WIND"
"WIND_D-29","D-29","TenneT_WIND",240.98,"WIND"
"WIND_D-3","D-3","50Hertz_WIND",365.83,"WIND"
"WIND_D-30","D-30","TenneT_WIND",240.98,"WIND"
"WIND_D-32","D-32","TenneT_WIND",240.98,"WIND"
"WIND_D-33","D-33","TenneT_WIND",240.98,"WIND"
"WIND_D-34","D-34","50Hertz_WIND",410.69,"WIND"
"WIND_D-35","D-35","50Hertz_WIND",410.69,"WIND"
"WIND_D-36","D-36","TenneT_WIND",240.98,"WIND"
"WIND_D-37","D-37","TenneT_WIND",240.98,"WIND"
"WIND_D-38","D-38","50Hertz_WIND",410.69,"WIND"
"WIND_D-39","D-39","50Hertz_WIND",410.69,"WIND"
"WIND_D-4","D-4","TenneT_WIND",373.6,"WIND"
"WIND_D-41","D-41","50Hertz_WIND",410.69,"WIND"
"WIND_D-42","D-42","TenneT_WIND",240.98,"WIND"
"WIND_D-43","D-43","TenneT_WIND",240.98,"WIND"
"WIND_D-44","D-44","TenneT_WIND",240.98,"WIND"
"WIND_D-45","D-45","50Hertz_WIND",410.69,"WIND"
"WIND_D-46","D-46","50Hertz_WIND",410.69,"WIND"
"WIND_D-47","D-47","50Hertz_WIND",410.69,"WIND"
"WIND_D-48","D-48","TenneT_WIND",240.98,"WIND"
"WIND_D-49","D-49","TenneT_WIND",240.98,"WIND"
"WIND_D-5","D-5","50Hertz_WIND",365.83,"WIND"
"WIND_D-50","D-50","TenneT_WIND",240.98,"WIND"
"WIND_D-51","D-51","TenneT_WIND",240.98,"WIND"
"WIND_D-52","D-52","50Hertz_WIND",708.8,"WIND"
"WIND_D-53","D-53","TenneT_WIND",240.98,"WIND"
"WIND_D-54","D-54","Amprion_WIND",100.32,"WIND"
"WIND_D-56","D-56","TenneT_WIND",240.98,"WIND"
"WIND_D-57","D-57","50Hertz_WIND",410.69,"WIND"
"WIND_D-58","D-58","50Hertz_WIND",708.8,"WIND"
"WIND_D-59","D-59","TenneT_WIND",240.98,"WIND"
"WIND_D-6","D-6","TenneT_WIND",373.6,"WIND"
"WIND_D-60","D-60","TenneT_WIND",240.98,"WIND"
"WIND_D-61","D-61","Amprion_WIND",100.32,"WIND"
"WIND_D-62","D-62","50Hertz_WIND",410.69,"WIND"
"WIND_D-63","D-63","TenneT_WIND",240.98,"WIND"
"WIND_D-64","D-64","TenneT_WIND",240.98,"WIND"
"WIND_D-65","D-65","TenneT_WIND",240.98,"WIND"
"WIND_D-66","D-66","Amprion_WIND",100.32,"WIND"
"WIND_D-68","D-68","50Hertz_WIND",70.57,"WIND"
"WIND_D-69","D-69","TenneT_WIND",240.98,"WIND"
"WIND_D-7","D-7","50Hertz_WIND",365.83,"WIND"
"WIND_D-70","D-70","50Hertz_WIND",708.8,"WIND"
"WIND_D-71","D-71","Amprion_WIND",100.32,"WIND"
"WIND_D-72","D-72","Amprion_WIND",100.32,"WIND"
"WIND_D-73","D-73","Amprion_WIND",100.32,"WIND"
"WIND_D-74","D-74","TenneT_WIND",240.98,"WIND"
"WIND_D-76","D-76","Amprion_WIND",100.32,"WIND"
"WIND_D-78","D-78","Amprion_WIND",100.32,"WIND"
"WIND_D-79","D-79","50Hertz_WIND",708.8,"WIND"
"WIND_D-8","D-8","50Hertz_WIND",365.83,"WIND"
"WIND_D-80","D-80","50Hertz_WIND",70.57,"WIND"
"WIND_D-81","D-81","Amprion_WIND",100.32,"WIND"
"WIND_D-82","D-82","50Hertz_WIND",70.57,"WIND"
"WIND_D-83","D-83","50Hertz_WIND",70.57,"WIND"
"WIND_D-84","D-84","Amprion_WIND",100.32,"WIND"
"WIND_D-85","D-85","50Hertz_WIND",708.8,"WIND"
"WIND_D-86","D-86","Amprion_WIND",100.32,"WIND"
"WIND_D-87","D-87","50Hertz_WIND",708.8,"WIND"
"WIND_D-88","D-88","Amprion_WIND",100.32,"WIND"
"WIND_D-89","D-89","50Hertz_WIND",70.57,"WIND"
"WIND_D-9","D-9","50Hertz_WIND",365.83,"WIND"
"WIND_D-90","D-90","TenneT_WIND",58.29,"WIND"
"WIND_D-91","D-91","Amprion_WIND",100.32,"WIND"
"WIND_D-92","D-92","50Hertz_WIND",70.57,"WIND"
"WIND_D-93","D-93","Amprion_WIND",100.32,"WIND"
"WIND_D-94","D-94","50Hertz_WIND",70.57,"WIND"
"WIND_D-95","D-95","Amprion_WIND",100.32,"WIND"
"WIND_D-96","D-96","TenneT_WIND",240.98,"WIND"
"WIND_D-97","D-97","Amprion_WIND",100.32,"WIND"
"WIND_D-98","D-98","50Hertz_WIND",70.57,"WIND"
"WIND_D-99","D-99","50Hertz_WIND",70.57,"WIND"
"WIND_E_obermo","E_obermo","TransnetBW_WIND",24.25,"WIND"
"WIND_E-204","E-204","TenneT_WIND",35.79,"WIND"
"WIND_E-211","E-211","TransnetBW_WIND",24.25,"WIND"
"WIND_E-215","E-215","TransnetBW_WIND",24.25,"WIND"
"WIND_E-217","E-217","TransnetBW_WIND",24.25,"WIND"
"WIND_E-218","E-218","TransnetBW_WIND",24.25,"WIND"
"WIND_E-220","E-220","TransnetBW_WIND",24.25,"WIND"
"WIND_E-223","E-223","TransnetBW_WIND",24.25,"WIND"
"WIND_F_113","F_113","ALS_WIND",1.71,"WIND"
"WIND_F_Baixas","F_Baixas","LAN_WIND",38,"WIND"
"WIND_F_BoisTo","F_BoisTo","RAL_WIND",4.23,"WIND"
"WIND_F_canteg","F_canteg","AQUI_WIND",0,"WIND"
"WIND_F_Cornie","F_Cornie","RAL_WIND",4.23,"WIND"
"WIND_F_Mambel","F_Mambel","FRC_WIND",3.33,"WIND"
"WIND_F_Mougue","F_Mougue","AQUI_WIND",0,"WIND"
"WIND_F_Moulai","F_Moulai","LOR_WIND",40.5,"WIND"
"WIND_F_pragne","F_pragne","MPY_WIND",21.21,"WIND"
"WIND_F_Sieren","F_Sieren","ALS_WIND",1.71,"WIND"
"WIND_F_Vigy","F_Vigy","LOR_WIND",40.5,"WIND"
"WIND_F-1","F-1","NPC_WIND",61.5,"WIND"
"WIND_F-10","F-10","NPC_WIND",61.5,"WIND"
"WIND_F-100","F-100","ALS_WIND",1.71,"WIND"
"WIND_F-101","F-101","LOR_WIND",40.5,"WIND"
"WIND_F-102","F-102","CHAR_WIND",90.44,"WIND"
"WIND_F-103","F-103","PLOI_WIND",34.19,"WIND"
"WIND_F-104","F-104","LOR_WIND",40.5,"WIND"
"WIND_F-105","F-105","IFR_WIND",1.46,"WIND"
"WIND_F-106","F-106","BNOR_WIND",37.57,"WIND"
"WIND_F-107","F-107","ALS_WIND",1.71,"WIND"
"WIND_F-108","F-108","LOR_WIND",40.5,"WIND"
"WIND_F-109","F-109","CEN_WIND",44,"WIND"
"WIND_F-11","F-11","NPC_WIND",61.5,"WIND"
"WIND_F-110","F-110","CHAR_WIND",90.44,"WIND"
"WIND_F-111","F-111","BOUR_WIND",10.5,"WIND"
"WIND_F-113","F-113","BRT_WIND",57.57,"WIND"
"WIND_F-114","F-114","CEN_WIND",44,"WIND"
"WIND_F-115","F-115","BRT_WIND",57.57,"WIND"
"WIND_F-116","F-116","PLOI_WIND",34.19,"WIND"
"WIND_F-117","F-117","PLOI_WIND",34.19,"WIND"
"WIND_F-118","F-118","CEN_WIND",44,"WIND"
"WIND_F-119","F-119","CHAR_WIND",90.44,"WIND"
"WIND_F-120","F-120","CEN_WIND",44,"WIND"
"WIND_F-121","F-121","ALS_WIND",1.71,"WIND"
"WIND_F-122","F-122","PLOI_WIND",34.19,"WIND"
"WIND_F-123","F-123","BRT_WIND",57.57,"WIND"
"WIND_F-124","F-124","BOUR_WIND",10.5,"WIND"
"WIND_F-125","F-125","BOUR_WIND",10.5,"WIND"
"WIND_F-126","F-126","BRT_WIND",57.57,"WIND"
"WIND_F-127","F-127","BOUR_WIND",10.5,"WIND"
"WIND_F-128","F-128","PLOI_WIND",34.19,"WIND"
"WIND_F-12choo","F-12choo","CHAR_WIND",90.44,"WIND"
"WIND_F-13","F-13","PCD_WIND",85.71,"WIND"
"WIND_F-130","F-130","BRT_WIND",57.57,"WIND"
"WIND_F-131","F-131","FRC_WIND",3.33,"WIND"
"WIND_F-132","F-132","CEN_WIND",44,"WIND"
"WIND_F-133","F-133","CEN_WIND",44,"WIND"
"WIND_F-134","F-134","BOUR_WIND",10.5,"WIND"
"WIND_F-135","F-135","FRC_WIND",3.33,"WIND"
"WIND_F-136","F-136","PLOI_WIND",34.19,"WIND"
"WIND_F-137","F-137","CEN_WIND",44,"WIND"
"WIND_F-138","F-138","BRT_WIND",57.57,"WIND"
"WIND_F-139","F-139","CEN_WIND",44,"WIND"
"WIND_F-14","F-14","PCD_WIND",85.71,"WIND"
"WIND_F-140","F-140","CEN_WIND",44,"WIND"
"WIND_F-142","F-142","BOUR_WIND",10.5,"WIND"
"WIND_F-143","F-143","BOUR_WIND",10.5,"WIND"
"WIND_F-144","F-144","CEN_WIND",44,"WIND"
"WIND_F-145","F-145","BOUR_WIND",10.5,"WIND"
"WIND_F-146","F-146","PLOI_WIND",34.19,"WIND"
"WIND_F-147","F-147","PLOI_WIND",34.19,"WIND"
"WIND_F-148","F-148","FRC_WIND",3.33,"WIND"
"WIND_F-149","F-149","BOUR_WIND",10.5,"WIND"
"WIND_F-15","F-15","HNOR_WIND",17.86,"WIND"
"WIND_F-150","F-150","BOUR_WIND",10.5,"WIND"
"WIND_F-151","F-151","CEN_WIND",44,"WIND"
"WIND_F-152","F-152","BOUR_WIND",10.5,"WIND"
"WIND_F-153","F-153","PLOI_WIND",34.19,"WIND"
"WIND_F-154/15","F-154/15","PLOI_WIND",34.19,"WIND"
"WIND_F-157","F-157","CEN_WIND",44,"WIND"
"WIND_F-158","F-158","FRC_WIND",3.33,"WIND"
"WIND_F-159","F-159","PLOI_WIND",34.19,"WIND"
"WIND_F-16","F-16","PCD_WIND",85.71,"WIND"
"WIND_F-160","F-160","PLOI_WIND",34.19,"WIND"
"WIND_F-161","F-161","CEN_WIND",44,"WIND"
"WIND_F-162","F-162","PLOI_WIND",34.19,"WIND"
"WIND_F-163","F-163","FRC_WIND",3.33,"WIND"
"WIND_F-164","F-164","PLOI_WIND",34.19,"WIND"
"WIND_F-165","F-165","CEN_WIND",44,"WIND"
"WIND_F-166","F-166","BOUR_WIND",10.5,"WIND"
"WIND_F-167","F-167","BOUR_WIND",10.5,"WIND"
"WIND_F-168","F-168","FRC_WIND",3.33,"WIND"
"WIND_F-169","F-169","BOUR_WIND",10.5,"WIND"
"WIND_F-170","F-170","PCH_WIND",37.91,"WIND"
"WIND_F-171","F-171","FRC_WIND",3.33,"WIND"
"WIND_F-172","F-172","PLOI_WIND",34.19,"WIND"
"WIND_F-173","F-173","CEN_WIND",44,"WIND"
"WIND_F-174","F-174","BOUR_WIND",10.5,"WIND"
"WIND_F-175","F-175","PCH_WIND",37.91,"WIND"
"WIND_F-176","F-176","BOUR_WIND",10.5,"WIND"
"WIND_F-177","F-177","BOUR_WIND",10.5,"WIND"
"WIND_F-178","F-178","PLOI_WIND",34.19,"WIND"
"WIND_F-179","F-179","AUV_WIND",15.46,"WIND"
"WIND_F-17lonn","F-17lonn","CHAR_WIND",90.44,"WIND"
"WIND_F-18","F-18","CHAR_WIND",90.44,"WIND"
"WIND_F-180","F-180","PCH_WIND",37.91,"WIND"
"WIND_F-181","F-181","FRC_WIND",3.33,"WIND"
"WIND_F-182","F-182","RAL_WIND",4.23,"WIND"
"WIND_F-183","F-183","CEN_WIND",44,"WIND"
"WIND_F-185","F-185","PCH_WIND",37.91,"WIND"
"WIND_F-186","F-186","AUV_WIND",15.46,"WIND"
"WIND_F-187","F-187","BOUR_WIND",10.5,"WIND"
"WIND_F-188","F-188","AUV_WIND",15.46,"WIND"
"WIND_F-189","F-189","RAL_WIND",4.23,"WIND"
"WIND_F-19","F-19","HNOR_WIND",17.86,"WIND"
"WIND_F-190/19","F-190/19","PCH_WIND",37.91,"WIND"
"WIND_F-193","F-193","AUV_WIND",15.46,"WIND"
"WIND_F-194","F-194","RAL_WIND",4.23,"WIND"
"WIND_F-195","F-195","RAL_WIND",4.23,"WIND"
"WIND_F-196","F-196","PCH_WIND",37.91,"WIND"
"WIND_F-197","F-197","PCH_WIND",37.91,"WIND"
"WIND_F-198","F-198","RAL_WIND",4.23,"WIND"
"WIND_F-199","F-199","RAL_WIND",4.23,"WIND"
"WIND_F-2","F-2","NPC_WIND",61.5,"WIND"
"WIND_F-20","F-20","PCD_WIND",85.71,"WIND"
"WIND_F-200","F-200","RAL_WIND",4.23,"WIND"
"WIND_F-201","F-201","LIM_WIND",5.88,"WIND"
"WIND_F-202","F-202","RAL_WIND",4.23,"WIND"
"WIND_F-203","F-203","LIM_WIND",5.88,"WIND"
"WIND_F-204","F-204","RAL_WIND",4.23,"WIND"
"WIND_F-205","F-205","LIM_WIND",5.88,"WIND"
"WIND_F-206","F-206","RAL_WIND",4.23,"WIND"
"WIND_F-207","F-207","PCH_WIND",37.91,"WIND"
"WIND_F-208","F-208","LIM_WIND",5.88,"WIND"
"WIND_F-209","F-209","LIM_WIND",5.88,"WIND"
"WIND_F-21","F-21","PCD_WIND",85.71,"WIND"
"WIND_F-210","F-210","RAL_WIND",4.23,"WIND"
"WIND_F-211","F-211","RAL_WIND",4.23,"WIND"
"WIND_F-212","F-212","RAL_WIND",4.23,"WIND"
"WIND_F-213","F-213","AUV_WIND",15.46,"WIND"
"WIND_F-214","F-214","LIM_WIND",5.88,"WIND"
"WIND_F-215","F-215","RAL_WIND",4.23,"WIND"
"WIND_F-216","F-216","RAL_WIND",4.23,"WIND"
"WIND_F-217","F-217","RAL_WIND",4.23,"WIND"
"WIND_F-218","F-218","RAL_WIND",4.23,"WIND"
"WIND_F-219","F-219","RAL_WIND",4.23,"WIND"
"WIND_F-22","F-22","HNOR_WIND",17.86,"WIND"
"WIND_F-220","F-220","AUV_WIND",15.46,"WIND"
"WIND_F-221/22","F-221/22","PCH_WIND",37.91,"WIND"
"WIND_F-223","F-223","RAL_WIND",4.23,"WIND"
"WIND_F-224","F-224","PCH_WIND",37.91,"WIND"
"WIND_F-225","F-225","RAL_WIND",4.23,"WIND"
"WIND_F-226","F-226","RAL_WIND",4.23,"WIND"
"WIND_F-227","F-227","LIM_WIND",5.88,"WIND"
"WIND_F-228","F-228","RAL_WIND",4.23,"WIND"
"WIND_F-229","F-229","RAL_WIND",4.23,"WIND"
"WIND_F-23","F-23","PCD_WIND",85.71,"WIND"
"WIND_F-230","F-230","RAL_WIND",4.23,"WIND"
"WIND_F-231","F-231","RAL_WIND",4.23,"WIND"
"WIND_F-232","F-232","RAL_WIND",4.23,"WIND"
"WIND_F-233","F-233","RAL_WIND",4.23,"WIND"
"WIND_F-234","F-234","AUV_WIND",15.46,"WIND"
"WIND_F-235","F-235","AUV_WIND",15.46,"WIND"
"WIND_F-236","F-236","RAL_WIND",4.23,"WIND"
"WIND_F-237","F-237","LIM_WIND",5.88,"WIND"
"WIND_F-238","F-238","AQUI_WIND",0,"WIND"
"WIND_F-239","F-239","AUV_WIND",15.46,"WIND"
"WIND_F-24","F-24","LOR_WIND",40.5,"WIND"
"WIND_F-240","F-240","AQUI_WIND",0,"WIND"
"WIND_F-241","F-241","RAL_WIND",4.23,"WIND"
"WIND_F-242","F-242","PCH_WIND",37.91,"WIND"
"WIND_F-243","F-243","RAL_WIND",4.23,"WIND"
"WIND_F-244","F-244","AUV_WIND",15.46,"WIND"
"WIND_F-245","F-245","AQUI_WIND",0,"WIND"
"WIND_F-246","F-246","AUV_WIND",15.46,"WIND"
"WIND_F-247","F-247","AQUI_WIND",0,"WIND"
"WIND_F-248","F-248","AUV_WIND",15.46,"WIND"
"WIND_F-249","F-249","RAL_WIND",4.23,"WIND"
"WIND_F-250","F-250","RAL_WIND",4.23,"WIND"
"WIND_F-251","F-251","RAL_WIND",4.23,"WIND"
"WIND_F-252","F-252","MPY_WIND",21.21,"WIND"
"WIND_F-253","F-253","AQUI_WIND",0,"WIND"
"WIND_F-254","F-254","LAN_WIND",38,"WIND"
"WIND_F-255","F-255","AUV_WIND",15.46,"WIND"
"WIND_F-256","F-256","RAL_WIND",4.23,"WIND"
"WIND_F-257","F-257","RAL_WIND",4.23,"WIND"
"WIND_F-258","F-258","PACA_WIND",2.14,"WIND"
"WIND_F-259","F-259","RAL_WIND",4.23,"WIND"
"WIND_F-26","F-26","HNOR_WIND",17.86,"WIND"
"WIND_F-260","F-260","MPY_WIND",21.21,"WIND"
"WIND_F-261","F-261","MPY_WIND",21.21,"WIND"
"WIND_F-262","F-262","AQUI_WIND",0,"WIND"
"WIND_F-263","F-263","AQUI_WIND",0,"WIND"
"WIND_F-264","F-264","RAL_WIND",4.23,"WIND"
"WIND_F-265","F-265","AQUI_WIND",0,"WIND"
"WIND_F-266","F-266","AQUI_WIND",0,"WIND"
"WIND_F-267","F-267","RAL_WIND",4.23,"WIND"
"WIND_F-268","F-268","MPY_WIND",21.21,"WIND"
"WIND_F-269","F-269","PACA_WIND",2.14,"WIND"
"WIND_F-27","F-27","CHAR_WIND",90.44,"WIND"
"WIND_F-270","F-270","PACA_WIND",2.14,"WIND"
"WIND_F-271","F-271","PACA_WIND",2.14,"WIND"
"WIND_F-272","F-272","LAN_WIND",38,"WIND"
"WIND_F-273","F-273","AQUI_WIND",0,"WIND"
"WIND_F-274","F-274","PACA_WIND",2.14,"WIND"
"WIND_F-275","F-275","PACA_WIND",2.14,"WIND"
"WIND_F-276","F-276","PACA_WIND",2.14,"WIND"
"WIND_F-277","F-277","MPY_WIND",21.21,"WIND"
"WIND_F-278","F-278","LAN_WIND",38,"WIND"
"WIND_F-279","F-279","MPY_WIND",21.21,"WIND"
"WIND_F-28","F-28","LOR_WIND",40.5,"WIND"
"WIND_F-280","F-280","PACA_WIND",2.14,"WIND"
"WIND_F-281","F-281","MPY_WIND",21.21,"WIND"
"WIND_F-282","F-282","PACA_WIND",2.14,"WIND"
"WIND_F-283","F-283","PACA_WIND",2.14,"WIND"
"WIND_F-285","F-285","LAN_WIND",38,"WIND"
"WIND_F-286","F-286","PACA_WIND",2.14,"WIND"
"WIND_F-287","F-287","PACA_WIND",2.14,"WIND"
"WIND_F-288","F-288","PACA_WIND",2.14,"WIND"
"WIND_F-289","F-289","AQUI_WIND",0,"WIND"
"WIND_F-29","F-29","HNOR_WIND",17.86,"WIND"
"WIND_F-290","F-290","LAN_WIND",38,"WIND"
"WIND_F-291","F-291","PACA_WIND",2.14,"WIND"
"WIND_F-292","F-292","MPY_WIND",21.21,"WIND"
"WIND_F-293","F-293","PACA_WIND",2.14,"WIND"
"WIND_F-294","F-294","LAN_WIND",38,"WIND"
"WIND_F-295","F-295","LAN_WIND",38,"WIND"
"WIND_F-296","F-296","LAN_WIND",38,"WIND"
"WIND_F-297","F-297","PACA_WIND",2.14,"WIND"
"WIND_F-298","F-298","MPY_WIND",21.21,"WIND"
"WIND_F-299","F-299","PACA_WIND",2.14,"WIND"
"WIND_F-3","F-3","NPC_WIND",61.5,"WIND"
"WIND_F-30","F-30","HNOR_WIND",17.86,"WIND"
"WIND_F-300","F-300","MPY_WIND",21.21,"WIND"
"WIND_F-301","F-301","MPY_WIND",21.21,"WIND"
"WIND_F-302","F-302","MPY_WIND",21.21,"WIND"
"WIND_F-303","F-303","PACA_WIND",2.14,"WIND"
"WIND_F-305","F-305","PACA_WIND",2.14,"WIND"
"WIND_F-306","F-306","PACA_WIND",2.14,"WIND"
"WIND_F-307","F-307","MPY_WIND",21.21,"WIND"
"WIND_F-308","F-308","LAN_WIND",38,"WIND"
"WIND_F-309","F-309","LAN_WIND",38,"WIND"
"WIND_F-31","F-31","PCD_WIND",85.71,"WIND"
"WIND_F-310","F-310","PACA_WIND",2.14,"WIND"
"WIND_F-311","F-311","AQUI_WIND",0,"WIND"
"WIND_F-312","F-312","LAN_WIND",38,"WIND"
"WIND_F-313","F-313","LAN_WIND",38,"WIND"
"WIND_F-314","F-314","LAN_WIND",38,"WIND"
"WIND_F-315","F-315","MPY_WIND",21.21,"WIND"
"WIND_F-316","F-316","MPY_WIND",21.21,"WIND"
"WIND_F-317","F-317","MPY_WIND",21.21,"WIND"
"WIND_F-318","F-318","AQUI_WIND",0,"WIND"
"WIND_F-319","F-319","MPY_WIND",21.21,"WIND"
"WIND_F-32","F-32","HNOR_WIND",17.86,"WIND"
"WIND_F-322","F-322","MPY_WIND",21.21,"WIND"
"WIND_F-33","F-33","PCD_WIND",85.71,"WIND"
"WIND_F-34","F-34","BNOR_WIND",37.57,"WIND"
"WIND_F-35","F-35","PCD_WIND",85.71,"WIND"
"WIND_F-36","F-36","PCD_WIND",85.71,"WIND"
"WIND_F-37","F-37","HNOR_WIND",17.86,"WIND"
"WIND_F-38","F-38","LOR_WIND",40.5,"WIND"
"WIND_F-4","F-4","NPC_WIND",61.5,"WIND"
"WIND_F-40","F-40","PCD_WIND",85.71,"WIND"
"WIND_F-41","F-41","LOR_WIND",40.5,"WIND"
"WIND_F-42","F-42","HNOR_WIND",17.86,"WIND"
"WIND_F-43","F-43","CHAR_WIND",90.44,"WIND"
"WIND_F-44","F-44","PCD_WIND",85.71,"WIND"
"WIND_F-45","F-45","HNOR_WIND",17.86,"WIND"
"WIND_F-46/47","F-46/47","CHAR_WIND",90.44,"WIND"
"WIND_F-48","F-48","LOR_WIND",40.5,"WIND"
"WIND_F-49","F-49","PCD_WIND",85.71,"WIND"
"WIND_F-5","F-5","NPC_WIND",61.5,"WIND"
"WIND_F-50","F-50","HNOR_WIND",17.86,"WIND"
"WIND_F-51","F-51","BNOR_WIND",37.57,"WIND"
"WIND_F-52","F-52","CHAR_WIND",90.44,"WIND"
"WIND_F-53","F-53","HNOR_WIND",17.86,"WIND"
"WIND_F-54","F-54","BNOR_WIND",37.57,"WIND"
"WIND_F-55","F-55","CHAR_WIND",90.44,"WIND"
"WIND_F-56","F-56","PCD_WIND",85.71,"WIND"
"WIND_F-57","F-57","IFR_WIND",1.46,"WIND"
"WIND_F-58","F-58","ALS_WIND",1.71,"WIND"
"WIND_F-59","F-59","IFR_WIND",1.46,"WIND"
"WIND_F-61","F-61","HNOR_WIND",17.86,"WIND"
"WIND_F-62","F-62","HNOR_WIND",17.86,"WIND"
"WIND_F-63","F-63","LOR_WIND",40.5,"WIND"
"WIND_F-64","F-64","IFR_WIND",1.46,"WIND"
"WIND_F-65","F-65","IFR_WIND",1.46,"WIND"
"WIND_F-66","F-66","LOR_WIND",40.5,"WIND"
"WIND_F-67","F-67","IFR_WIND",1.46,"WIND"
"WIND_F-68","F-68","LOR_WIND",40.5,"WIND"
"WIND_F-69","F-69","CHAR_WIND",90.44,"WIND"
"WIND_F-6Aveli","F-6Aveli","NPC_WIND",61.5,"WIND"
"WIND_F-7","F-7","NPC_WIND",61.5,"WIND"
"WIND_F-70","F-70","IFR_WIND",1.46,"WIND"
"WIND_F-71","F-71","ALS_WIND",1.71,"WIND"
"WIND_F-72","F-72","LOR_WIND",40.5,"WIND"
"WIND_F-73","F-73","BRT_WIND",57.57,"WIND"
"WIND_F-74","F-74","IFR_WIND",1.46,"WIND"
"WIND_F-75","F-75","CHAR_WIND",90.44,"WIND"
"WIND_F-76","F-76","IFR_WIND",1.46,"WIND"
"WIND_F-77","F-77","IFR_WIND",1.46,"WIND"
"WIND_F-78","F-78","IFR_WIND",1.46,"WIND"
"WIND_F-79","F-79","BNOR_WIND",37.57,"WIND"
"WIND_F-80","F-80","BNOR_WIND",37.57,"WIND"
"WIND_F-81","F-81","IFR_WIND",1.46,"WIND"
"WIND_F-82","F-82","CEN_WIND",44,"WIND"
"WIND_F-83","F-83","LOR_WIND",40.5,"WIND"
"WIND_F-84","F-84","BRT_WIND",57.57,"WIND"
"WIND_F-85","F-85","BRT_WIND",57.57,"WIND"
"WIND_F-86","F-86","LOR_WIND",40.5,"WIND"
"WIND_F-87","F-87","CHAR_WIND",90.44,"WIND"
"WIND_F-88","F-88","BRT_WIND",57.57,"WIND"
"WIND_F-89","F-89","CHAR_WIND",90.44,"WIND"
"WIND_F-9","F-9","NPC_WIND",61.5,"WIND"
"WIND_F-90","F-90","BNOR_WIND",37.57,"WIND"
"WIND_F-91","F-91","BRT_WIND",57.57,"WIND"
"WIND_F-92","F-92","BRT_WIND",57.57,"WIND"
"WIND_F-93","F-93","LOR_WIND",40.5,"WIND"
"WIND_F-94","F-94","BRT_WIND",57.57,"WIND"
"WIND_F-95","F-95","BRT_WIND",57.57,"WIND"
"WIND_F-96","F-96","CHAR_WIND",90.44,"WIND"
"WIND_F-97","F-97","LOR_WIND",40.5,"WIND"
"WIND_F-98","F-98","IFR_WIND",1.46,"WIND"
"WIND_F-99","F-99","CEN_WIND",44,"WIND"
"WIND_Lx-1","Lx-1","BE_WIND",12.69,"WIND"
"WIND_Lx-2","Lx-2","BE_WIND",12.69,"WIND"
"WIND_Lx-3","Lx-3","BE_WIND",12.69,"WIND"
"WIND_NL_Borss","NL_Borss","NL_WIND",112.21,"WIND"
"WIND_NL_Geert","NL_Geert","NL_WIND",112.21,"WIND"
"WIND_NL_Henge","NL_Henge","NL_WIND",112.21,"WIND"
"WIND_NL_Maasb","NL_Maasb","NL_WIND",112.21,"WIND"
"WIND_NL_Meede","NL_Meede","NL_WIND",112.21,"WIND"
"WIND_NL-1","NL-1","NL_WIND",112.21,"WIND"
"WIND_NL-10","NL-10","NL_WIND",112.21,"WIND"
"WIND_NL-11","NL-11","NL_WIND",112.21,"WIND"
"WIND_NL-13","NL-13","NL_WIND",112.21,"WIND"
"WIND_NL-14","NL-14","NL_WIND",112.21,"WIND"
"WIND_NL-15","NL-15","NL_WIND",112.21,"WIND"
"WIND_NL-16","NL-16","NL_WIND",112.21,"WIND"
"WIND_NL-17","NL-17","NL_WIND",112.21,"WIND"
"WIND_NL-19","NL-19","NL_WIND",112.21,"WIND"
"WIND_NL-2","NL-2","NL_WIND",112.21,"WIND"
"WIND_NL-20","NL-20","NL_WIND",112.21,"WIND"
"WIND_NL-22","NL-22","NL_WIND",112.21,"WIND"
"WIND_NL-3","NL-3","NL_WIND",112.21,"WIND"
"WIND_NL-4","NL-4","NL_WIND",112.21,"WIND"
"WIND_NL-6","NL-6","NL_WIND",112.21,"WIND"
"WIND_NL-7","NL-7","NL_WIND",112.21,"WIND"
"WIND_NL-8","NL-8","NL_WIND",112.21,"WIND"
"WIND_NL-9","NL-9","NL_WIND",112.21,"WIND"
"WIND_NL-new1","NL-new1","NL_WIND",112.21,"WIND"
"WINDOFF_BELWIND","B-3","WINDOFF_BELWIND",310,"WIND"
"WINDOFF_CPOWER","B-3","WINDOFF_CPOWER",402,"WIND"
"PRINCES_AMELIA_Q7","NL-11","PRINCES_AMELIA_Q7",120,"WIND"
"EEMS_WIND_EBL","NL-1","EEMS_WIND_EBL",27,"WIND"
"NEAR_SHORE_WINDFARM","NL-7","NEAR_SHORE_WINDFARM",108,"WIND"
"RES_WINDOFF_DE_Existing","D-22","RES_WINDOFF_DE_Existing",203.3,"WIND"
