"Generator","GeneratorType","BusGenerator","MinRunCapacity","MaxRunCapacity","RampUp","RampDown","UT","DT","TransitionLevel","ProductionBand","ReservesOffline","NoLoadConsumption","StartupCost","FOR","FuelGenerator","FHGenerator","HRSGenerator","CO2Rate"
"CHOOZB_1","SLOW","F-12choo",750,1500,50,50,168,168,750,1,FALSE,2250,32506.01911,0.0319,"NUCLEAR","FH_FRANCE","NUCLEAR_01",0.01164
"CHOOZB_2","SLOW","F-12choo",750,1500,50,50,168,168,750,1,FALSE,0,32506.01911,0.0319,"NUCLEAR","FH_FRANCE","NUCLEAR_02",0.01535
"CIVAUX_1","SLOW","F-247",747.5,1495,49.83333,49.83333,168,168,747.5,1,FALSE,0,32397.66571,0.0319,"NUCLEAR","FH_FRANCE","NUCLEAR_03",0.03224
"CIVAUX_2","SLOW","F-247",747.5,1495,49.83333,49.83333,168,168,747.5,1,FALSE,1753.2273,32397.66571,0.0319,"NUCLEAR","FH_FRANCE","NUCLEAR_04",0.02867
"ISAR_2","SLOW","D-190",700,1400,46.66667,46.66667,168,168,700,1,FALSE,1641.8182,,0.0319,"NUCLEAR","FH_GERMANY","NUCLEAR_04",0.03137
"PHILIPPS_2B","SLOW","D-177",696,1392,46.4,46.4,168,168,696,1,FALSE,2277.8182,,0.0319,"NUCLEAR","FH_GERMANY","NUCLEAR_05",0.00243
"STALBAN_1","SLOW","F-255",667.5,1335,44.5,44.5,168,168,667.5,1,FALSE,1565.5909,,0.0319,"NUCLEAR","FH_FRANCE","NUCLEAR_04",0.09801
"STALBAN_2","SLOW","F-255",667.5,1335,44.5,44.5,168,168,667.5,1,FALSE,1565.5909,,0.0319,"NUCLEAR","FH_FRANCE","NUCLEAR_04",0.00698
"FLAMANVILLE_1","SLOW","F-34",665,1330,44.33333,44.33333,168,168,665,1,FALSE,0,,0.0319,"NUCLEAR","FH_FRANCE","NUCLEAR_03",0.0061
"FLAMANVILLE_2","SLOW","F-34",665,1330,44.33333,44.33333,168,168,665,1,FALSE,0,,0.0319,"NUCLEAR","FH_FRANCE","NUCLEAR_03",0.01094
"PALUEL_1","SLOW","F-19",665,1330,44.33333,44.33333,168,168,665,1,FALSE,0,,0.0319,"NUCLEAR","FH_FRANCE","NUCLEAR_03",0.01107
"PALUEL_2","SLOW","F-19",665,1330,44.33333,44.33333,168,168,665,1,FALSE,0,,0.0319,"NUCLEAR","FH_FRANCE","NUCLEAR_03",0.0136
"PALUEL_3","SLOW","F-19",665,1330,44.33333,44.33333,168,168,665,1,FALSE,1559.7273,,0.0319,"NUCLEAR","FH_FRANCE","NUCLEAR_04",0.03963
"PALUEL_4","SLOW","F-19",665,1330,44.33333,44.33333,168,168,665,1,FALSE,1559.7273,,0.0319,"NUCLEAR","FH_FRANCE","NUCLEAR_04",0.01374
"PENLY_1","SLOW","F-15",665,1330,44.33333,44.33333,168,168,665,1,FALSE,1559.7273,,0.0319,"NUCLEAR","FH_FRANCE","NUCLEAR_04",0.0422
"PENLY_2","SLOW","F-15",665,1330,44.33333,44.33333,168,168,665,1,FALSE,1559.7273,,0.0319,"NUCLEAR","FH_FRANCE","NUCLEAR_04",0.04362
"EMS_LINGEN_1","SLOW","D-56",664.5,1329,44.3,44.3,168,168,664.5,1,FALSE,1558.5545,,0.0319,"NUCLEAR","FH_GERMANY","NUCLEAR_04",0.04464
"BELLEVILLE_1","SLOW","F-142",655,1310,43.66667,43.66667,168,168,655,1,FALSE,0,28388.59002,0.0319,"NUCLEAR","FH_FRANCE","NUCLEAR_03",0.00969
"BELLEVILLE_2","SLOW","F-142",655,1310,43.66667,43.66667,168,168,655,1,FALSE,0,28388.59002,0.0319,"NUCLEAR","FH_FRANCE","NUCLEAR_03",0.09394
"GOLFECH_1","SLOW","F-279",655,1310,43.66667,43.66667,168,168,655,1,FALSE,0,,0.0319,"NUCLEAR","FH_FRANCE","NUCLEAR_03",0.01351
"GOLFECH_2","SLOW","F-279",655,1310,43.66667,43.66667,168,168,655,1,FALSE,0,,0.0319,"NUCLEAR","FH_FRANCE","NUCLEAR_03",0.0202
"NOGENT_1","SLOW","F-89",655,1310,43.66667,43.66667,168,168,655,1,FALSE,0,,0.0319,"NUCLEAR","FH_FRANCE","NUCLEAR_03",0.01038
"NOGENT_2","SLOW","F-89",655,1310,43.66667,43.66667,168,168,655,1,FALSE,0,,0.0319,"NUCLEAR","FH_FRANCE","NUCLEAR_03",0.00753
"CATTENOM_1","SLOW","F-28",650,1300,43.33333,43.33333,168,168,650,1,FALSE,1524.5455,28171.88323,0.0319,"NUCLEAR","FH_FRANCE","NUCLEAR_04",0.01392
"CATTENOM_2","SLOW","F-28",650,1300,43.33333,43.33333,168,168,650,1,FALSE,0,28171.88323,0.0319,"NUCLEAR","FH_FRANCE","NUCLEAR_03",0.01585
"CATTENOM_3","SLOW","F-28",650,1300,43.33333,43.33333,168,168,650,1,FALSE,0,28171.88323,0.0319,"NUCLEAR","FH_FRANCE","NUCLEAR_03",0.01205
"CATTENOM_4","SLOW","F-28",650,1300,43.33333,43.33333,168,168,650,1,FALSE,2127.2727,28171.88323,0.0319,"NUCLEAR","FH_FRANCE","NUCLEAR_06",0.006
"GUNDR_C2","SLOW","D-170",643.5,1287,42.9,42.9,168,168,643.5,1,FALSE,1509.3,,0.0319,"NUCLEAR","FH_GERMANY","NUCLEAR_04",0.0203
"GUNDR_B2","SLOW","D-170",642,1284,42.8,42.8,168,168,642,1,FALSE,1505.7818,,0.0319,"NUCLEAR","FH_GERMANY","NUCLEAR_04",0.00945
"GRAFEN","SLOW","D-161",637.5,1275,42.5,42.5,168,168,637.5,1,FALSE,2086.3636,,0.0319,"NUCLEAR","FH_GERMANY","NUCLEAR_05",0.02277
"NECKAR_2","SLOW","D-181",634.5,1269,42.3,42.3,168,168,634.5,1,FALSE,1488.1909,,0.0319,"NUCLEAR","FH_GERMANY","NUCLEAR_04",0.00987
"BROKDORF_1","SLOW","D-16",548,1096,36.53333,36.53333,168,168,548,1,FALSE,1793.4545,23751.06463,0.0319,"NUCLEAR","FH_GERMANY","NUCLEAR_06",0.02425
"TIHANGE_3","SLOW","B_15",525.5,1051,35.03333,35.03333,168,168,525.5,1,FALSE,0,,0.0319,"NUCLEAR","FH_BELGIUM","NUCLEAR_03",0.03189
"DOEL_4","SLOW","B-8",522,1044,34.8,34.8,168,168,522,1,FALSE,1708.3636,,0.0319,"NUCLEAR","FH_BELGIUM","NUCLEAR_06",0.11004
"TIHANGE_2","SLOW","B_15",504,1008,33.6,33.6,168,168,504,1,FALSE,0,,0.0319,"NUCLEAR","FH_BELGIUM","NUCLEAR_03",0.01949
"DOEL_3","SLOW","B-8",503,1006,33.53333,33.53333,168,168,503,1,FALSE,1179.7636,,0.0319,"NUCLEAR","FH_BELGIUM","NUCLEAR_04",0.01475
"TIHANGE_1","SLOW","B_15",481,962,32.06667,32.06667,168,168,481,1,FALSE,1574.1818,,0.0206,"NUCLEAR","FH_BELGIUM","NUCLEAR_05",0.21706
"CRUAS_1","SLOW","F-267",457.5,915,30.5,30.5,168,168,457.5,1,FALSE,1497.2727,19828.67165,0.0206,"NUCLEAR","FH_FRANCE","NUCLEAR_06",0.01546
"CRUAS_2","SLOW","F-267",457.5,915,30.5,30.5,168,168,457.5,1,FALSE,1497.2727,19828.67165,0.0206,"NUCLEAR","FH_FRANCE","NUCLEAR_06",0.0077
"CRUAS_3","SLOW","F-267",457.5,915,30.5,30.5,168,168,457.5,1,FALSE,0,19828.67165,0.0206,"NUCLEAR","FH_FRANCE","NUCLEAR_03",0.03027
"CRUAS_4","SLOW","F-267",457.5,915,30.5,30.5,168,168,457.5,1,FALSE,0,19828.67165,0.0206,"NUCLEAR","FH_FRANCE","NUCLEAR_03",0.00476
"STLAURENT_1","SLOW","F-137",457.5,915,30.5,30.5,168,168,457.5,1,FALSE,0,,0.0206,"NUCLEAR","FH_FRANCE","NUCLEAR_03",0.03387
"STLAURENT_2","SLOW","F-137",457.5,915,30.5,30.5,168,168,457.5,1,FALSE,0,,0.0206,"NUCLEAR","FH_FRANCE","NUCLEAR_03",0.03851
"TRICASTIN_1","SLOW","F-249",457.5,915,30.5,30.5,168,168,457.5,1,FALSE,983.625,,0.0206,"NUCLEAR","FH_FRANCE","NUCLEAR_07",0.15682
"TRICASTIN_2","SLOW","F-249",457.5,915,30.5,30.5,168,168,457.5,1,FALSE,983.625,,0.0206,"NUCLEAR","FH_FRANCE","NUCLEAR_07",0.00161
"TRICASTIN_3","SLOW","F-249",457.5,915,30.5,30.5,168,168,457.5,1,FALSE,1372.5,,0.0206,"NUCLEAR","FH_FRANCE","NUCLEAR_01",0.03774
"TRICASTIN_4","SLOW","F-249",457.5,915,30.5,30.5,168,168,457.5,1,FALSE,983.625,,0.0206,"NUCLEAR","FH_FRANCE","NUCLEAR_07",0.0131
"BUGEY_2","SLOW","F-234",455,910,30.33333,30.33333,168,168,455,1,FALSE,0,19720.31826,0.0206,"NUCLEAR","FH_FRANCE","NUCLEAR_03",0.01464
"BUGEY_3","SLOW","F-234",455,910,30.33333,30.33333,168,168,455,1,FALSE,1489.0909,19720.31826,0.0206,"NUCLEAR","FH_FRANCE","NUCLEAR_06",0.01257
"GRAVELINES_1","SLOW","F-2",455,910,30.33333,30.33333,168,168,455,1,FALSE,1489.0909,,0.0206,"NUCLEAR","FH_FRANCE","NUCLEAR_05",0.01983
"GRAVELINES_2","SLOW","F-2",455,910,30.33333,30.33333,168,168,455,1,FALSE,1067.1818,,0.0206,"NUCLEAR","FH_FRANCE","NUCLEAR_04",0.0149
"GRAVELINES_3","SLOW","F-2",455,910,30.33333,30.33333,168,168,455,1,FALSE,1489.0909,,0.0206,"NUCLEAR","FH_FRANCE","NUCLEAR_05",0.00623
"GRAVELINES_4","SLOW","F-2",455,910,30.33333,30.33333,168,168,455,1,FALSE,1067.1818,,0.0206,"NUCLEAR","FH_FRANCE","NUCLEAR_04",0.01397
"GRAVELINES_5","SLOW","F-2",455,910,30.33333,30.33333,168,168,455,1,FALSE,1067.1818,,0.0206,"NUCLEAR","FH_FRANCE","NUCLEAR_04",0.00706
"GRAVELINES_6","SLOW","F-2",455,910,30.33333,30.33333,168,168,455,1,FALSE,1067.1818,,0.0206,"NUCLEAR","FH_FRANCE","NUCLEAR_04",0.0049
"LEBLAYAIS_1","SLOW","F-238",455,910,30.33333,30.33333,168,168,455,1,FALSE,1067.1818,,0.0206,"NUCLEAR","FH_FRANCE","NUCLEAR_04",0.00201
"LEBLAYAIS_2","SLOW","F-238",455,910,30.33333,30.33333,168,168,455,1,FALSE,0,,0.0206,"NUCLEAR","FH_FRANCE","NUCLEAR_03",0.03994
"LEBLAYAIS_3","SLOW","F-238",455,910,30.33333,30.33333,168,168,455,1,FALSE,0,,0.0206,"NUCLEAR","FH_FRANCE","NUCLEAR_03",0.00603
"LEBLAYAIS_4","SLOW","F-238",455,910,30.33333,30.33333,168,168,455,1,FALSE,1489.0909,,0.0206,"NUCLEAR","FH_FRANCE","NUCLEAR_06",0.03946
"CHINON_1","SLOW","F-157",452.5,905,30.16667,30.16667,168,168,452.5,1,FALSE,0,19611.96486,0.0206,"NUCLEAR","FH_FRANCE","NUCLEAR_03",0.11495
"CHINON_2","SLOW","F-157",452.5,905,30.16667,30.16667,168,168,452.5,1,FALSE,0,19611.96486,0.0206,"NUCLEAR","FH_FRANCE","NUCLEAR_03",0.09672
"CHINON_3","SLOW","F-157",452.5,905,30.16667,30.16667,168,168,452.5,1,FALSE,0,19611.96486,0.0206,"NUCLEAR","FH_FRANCE","NUCLEAR_03",0.01029
"CHINON_4","SLOW","F-157",452.5,905,30.16667,30.16667,168,168,452.5,1,FALSE,1480.9091,19611.96486,0.0206,"NUCLEAR","FH_FRANCE","NUCLEAR_05",0.01213
"DAMPIERRE_1","SLOW","F-133",445,890,29.66667,29.66667,168,168,445,1,FALSE,1043.7273,19286.90467,0.0206,"NUCLEAR","FH_FRANCE","NUCLEAR_04",0.00501
"DAMPIERRE_2","SLOW","F-133",445,890,29.66667,29.66667,168,168,445,1,FALSE,0,19286.90467,0.0206,"NUCLEAR","FH_FRANCE","NUCLEAR_03",0.01289
"DAMPIERRE_3","SLOW","F-133",445,890,29.66667,29.66667,168,168,445,1,FALSE,1043.7273,19286.90467,0.0206,"NUCLEAR","FH_FRANCE","NUCLEAR_04",0.03888
"DAMPIERRE_4","SLOW","F-133",445,890,29.66667,29.66667,168,168,445,1,FALSE,1043.7273,19286.90467,0.0206,"NUCLEAR","FH_FRANCE","NUCLEAR_04",0.0155
"BUGEY_4","SLOW","F-234",440,880,29.33333,29.33333,168,168,440,1,FALSE,1440,19070.19788,0.0206,"NUCLEAR","FH_FRANCE","NUCLEAR_06",0.01686
"BUGEY_5","SLOW","F-234",440,880,29.33333,29.33333,168,168,440,1,FALSE,0,19070.19788,0.0206,"NUCLEAR","FH_FRANCE","NUCLEAR_03",0.02248
"HEILBRONN_7","SLOW","D-176",360,750,0.5,0.5,24,12,742.5,0.1,FALSE,0,,0.0721,"COAL","FH_ARA","CHP_COAL_01",0.99794
"SIMMERING_1","SLOW","A-7",233,700,14,14,8,8,233,0.1,FALSE,687.2643,,0.145,"NAT_GAS","FH_AUSTRIA","CHP_NAT_GAS_05",0.43091
"GROHNDE_1","SLOW","D-54",340,680,22.66667,22.66667,168,168,340,1,FALSE,797.4545,,0.0287,"NUCLEAR","FH_GERMANY","NUCLEAR_04",0.03092
"GROHNDE_2","SLOW","D-54",340,680,22.66667,22.66667,168,168,340,1,FALSE,1112.7273,,0.0287,"NUCLEAR","FH_GERMANY","NUCLEAR_06",0.00349
"FESSENHEIM_1","SLOW","F-100",308,616,20.53333,20.53333,168,168,308,1,FALSE,0,,0.0287,"NUCLEAR","FH_FRANCE","NUCLEAR_03",0.03239
"FESSENHEIM_2","SLOW","F-100",308,616,20.53333,20.53333,168,168,308,1,FALSE,0,,0.0287,"NUCLEAR","FH_FRANCE","NUCLEAR_03",0.00629
"DORMAGEN","SLOW","D_Rommer",272.2,567,11.34,11.34,8,8,272.2,0.1,FALSE,548.5725,,0.159,"NAT_GAS","FH_NCG","CHP_NAT_GAS_06",0.49526
"STAUDINGER_5","SLOW","D-197",184.1,510,10.2,10.2,24,12,184.1,0.1,FALSE,519.4015,,0.0884,"COAL","FH_ARA","CST_COAL_07",0.89881
"BORSSELE_30","SLOW","NL_Borss",239.5,479,15.96667,15.96667,168,168,239.5,1,FALSE,0,10380.25543,0.0287,"NUCLEAR","FH_NETHERLANDS","NUCLEAR_08",0.01492
"HERNE_4","SLOW","D-104",180.5,475,9.5,9.5,24,12,180.5,0.1,FALSE,483.7566,,0.0884,"COAL","FH_ARA","CST_COAL_07",1.00409
"LUDWIGSH","SLOW","D_kuhmoo",225.6,470,9.4,9.4,8,8,225.6,0.1,FALSE,423,,0.159,"NAT_GAS","FH_NCG","CHP_NAT_GAS_09",0.58712
"LUDWIGSHAFEN","SLOW","D_kuhmoo",225.6,470,9.4,9.4,8,8,225.6,0.1,FALSE,353.2531,,0.159,"NAT_GAS","FH_NCG","CHP_NAT_GAS_10",0.46599
"DIEMEN_34","SLOW","NL-13",11.1,435,8.7,8.7,8,8,11.1,0.1,FALSE,2e-04,,0.159,"NAT_GAS","FH_TTF","CHP_NAT_GAS_11",0.45114
"DOEL_1","SLOW","B-8",216.3,432.5,14.41333,14.41333,168,168,216.3,1,FALSE,0,,0.0287,"NUCLEAR","FH_BELGIUM","NUCLEAR_03",0.01168
"DOEL_2","SLOW","B-8",216.3,432.5,14.41333,14.41333,168,168,216.3,1,FALSE,0,,0.0287,"NUCLEAR","FH_BELGIUM","NUCLEAR_03",0.00815
"LICHTERF_1","SLOW","D-51",99.3,432.5,8.65,8.65,8,8,99.3,0.1,FALSE,0,,0.159,"NAT_GAS","FH_NCG","CHP_NAT_GAS_12",0.44652
"MANNHEIM_GKM_8","SLOW","D-177",207.6,432.5,0.28667,0.28667,24,12,428.2,0.1,FALSE,631.2162,,0.0884,"COAL","FH_ARA","CHP_COAL_02",0.72653
"MANNHEIM_GKM_7","SLOW","D-177",204.48,426,0.28667,0.28667,24,12,421.7,0.1,FALSE,445.573,,0.0884,"COAL","FH_ARA","CST_COAL_04",0.92206
"ALTBACH_1","SLOW","D-189",151.6,420,8.4,8.4,24,12,151.6,0.1,FALSE,0.0022,13109.7855,0.0884,"COAL","FH_ARA","GST_FUELOIL_1_02",1.0401
"MARL","SLOW","D-88",200.16,417,0.28,0.28,24,12,412.8,0.1,FALSE,436.1595,,0.0884,"COAL","FH_ARA","CST_COAL_04",1.11499
"MUNCHEN_SW","SLOW","D-197",291.9,417,8.34,8.34,8,8,291.9,0.1,FALSE,297.4026,,0.159,"NAT_GAS","FH_NCG","CHP_NAT_GAS_13",0.44998
"DONAUSTADT_3","SLOW","A-4",129,388,7.76,7.76,8,8,129,0.1,FALSE,278.0667,,0.1012,"NAT_GAS","FH_AUSTRIA","CHP_NAT_GAS_14",0.44244
"WALSUM_9","SLOW","D-126",177.6,370,0.24667,0.24667,24,12,366.3,0.1,FALSE,0,,0.1118,"COAL","FH_ARA","CHP_COAL_01",1.09153
"SIMMERING_2","SLOW","A-7",118,355,7.1,7.1,8,8,118,0.1,FALSE,368.6493,,0.1064,"GASOIL","FH_NWE","CHP_GASOIL_01",0.86622
"MUNCHEN_N","SLOW","D-197",126.3,350,7,7,24,12,126.3,0.1,FALSE,497.3744,,0.1118,"COAL","FH_ARA","CHP_COAL_03",0.97538
"MOERDIJK_1","SLOW","NL_Geert",67.9,339,6.78,6.78,8,8,67.9,0.1,FALSE,0,,0.1012,"NAT_GAS","FH_TTF","CHP_NAT_GAS_15",0.48119
"KIEL_2","SLOW","D-4",154.56,322,0.21333,0.21333,24,12,318.8,0.1,FALSE,445.8462,,0.1118,"COAL","FH_ARA","CST_COAL_05",0.88875
"ALTBACH_2","SLOW","D-189",143.3,305,6.1,6.1,24,12,143.3,0.1,FALSE,310.6237,9520.201375,0.1118,"COAL","FH_ARA","CST_COAL_07",1.06051
"FRIMM_P","SLOW","D-126",136.8,285,0.18667,0.18667,24,12,282.2,0.1,FALSE,439.7143,,0.0601,"LIGNITE","FH_GERMANY","CST_LIGNITE_07",0.98156
"REUT_WEST_1","SLOW","D-38",135.36,282,0.18667,0.18667,24,12,279.2,0.1,FALSE,0,,0.0902,"COAL","FH_ARA","CST_COAL_03",1.03936
"REUT_WEST_2","SLOW","D-38",135.36,282,0.18667,0.18667,24,12,279.2,0.1,FALSE,0,,0.0902,"COAL","FH_ARA","CST_COAL_03",0.87169
"MUNCHEN_S1","SLOW","D-197",101.1,280,5.6,5.6,8,8,101.1,0.1,FALSE,397.8995,,0.0942,"NAT_GAS","FH_NCG","CHP_COAL_03",0.50209
"BROKDORF_2","SLOW","D-16",137,274,9.13333,9.13333,168,168,137,1,FALSE,321.3273,5937.766157,0.0287,"NUCLEAR","FH_GERMANY","NUCLEAR_04",0.02168
"STOCKEN","SLOW","D-49",127.2,265,5.3,5.3,8,8,127.2,0.1,FALSE,0,,0.0942,"NAT_GAS","FH_NCG","CCGT_NAT_GAS_08",0.69756
"Dresden","SLOW","D-94",120,250,5,5,8,8,120,0.1,FALSE,0,,0.0942,"NAT_GAS","FH_NCG","CCGT_NAT_GAS_08",0.44072
"DIEMEN_33","SLOW","NL-13",11.1,249,4.98,4.98,8,8,11.1,0.1,FALSE,2e-04,,0.0942,"NAT_GAS","FH_TTF","CHP_NAT_GAS_11",0.44601
"STAUDINGER_1","SLOW","D-197",89.9,249,4.98,4.98,24,12,89.9,0.1,FALSE,3e-04,,0.0902,"COAL","FH_ARA","CHP_COAL_04",1.09829
"LAGE_WEIDE_6","SLOW","NL-13",48.1,247,4.94,4.94,8,8,48.1,0.1,FALSE,249.3073,,0.0942,"NAT_GAS","FH_TTF","CHP_NAT_GAS_16",0.49453
"MELLACH","SLOW","A-34",82,246,4.92,4.92,8,8,82,0.1,FALSE,238.005,,0.0942,"NAT_GAS","FH_AUSTRIA","CHP_NAT_GAS_06",0.51508
"SWENTIBOLD","SLOW","NL_Maasb",111.4,232,4.64,4.64,8,8,111.4,0.1,FALSE,172.6615,,0.0942,"NAT_GAS","FH_TTF","CHP_NAT_GAS_17",0.47612
"HAMBORN","SLOW","D-126",108,225,4.5,4.5,8,8,108,0.1,FALSE,164.2925,,0.0942,"NAT_GAS","FH_NCG","CCGT_NAT_GAS_02",0.46595
"ROCA_3","SLOW","NL-17",58.6,225,4.5,4.5,8,8,58.6,0.1,FALSE,251.5547,,0.0942,"NAT_GAS","FH_TTF","CHP_NAT_GAS_18",0.33314
"MERWEDEKANAAL_12","SLOW","NL-10",29.7,224,4.48,4.48,8,8,29.7,0.1,FALSE,0,,0.0942,"NAT_GAS","FH_TTF","CHP_NAT_GAS_07",0.44398
"FENNE_HKV","SLOW","D-192",100.8,210,0.14,0.14,24,12,207.9,0.1,FALSE,0,,0.0902,"COAL","FH_ARA","GST_FUELOIL_1_02",1.04666
"FENNE_MKV","SLOW","D-192",100.8,210,0.14,0.14,24,12,207.9,0.1,FALSE,0,,0.0902,"COAL","FH_ARA","CHP_COAL_05",0.93175
"HOECHST","SLOW","D-148",100.8,210,4.2,4.2,8,8,100.8,0.1,FALSE,0,,0.0942,"NAT_GAS","FH_NCG","CHP_NAT_GAS_12",0.46438
"GALILEISTRAAT_ROTTERDAM","SLOW","NL-15",69.4,209,4.18,4.18,8,8,69.4,0.1,FALSE,181.7627,,0.0942,"NAT_GAS","FH_TTF","CHP_NAT_GAS_20",0.43422
"Nurnberg_Sandreuth","SLOW","D-161",100.3,209,4.18,4.18,8,8,100.3,0.1,FALSE,212.9434,,0.0942,"NAT_GAS","FH_NCG","CCGT_NAT_GAS_24",0.49115
"TIEFSTACK","SLOW","D-21",58.5,194,3.88,3.88,24,12,58.5,0.1,FALSE,0,,0.0685,"COAL","FH_ARA","CST_COAL_03",0.86288
"Leipzig","SLOW","D-85",88.8,185,3.7,3.7,8,8,88.8,0.1,FALSE,0,,0.0685,"NAT_GAS","FH_NCG","CCGT_NAT_GAS_08",0.45737
"THEISS_3","SLOW","A-3",60,180,3.6,3.6,8,8,60,0.1,FALSE,129,,0.0685,"NAT_GAS","FH_AUSTRIA","CHP_NAT_GAS_14",0.43711
"WACHTBERG","SLOW","D_Rommer",82.08,171,0.11333,0.11333,24,12,169.3,0.1,FALSE,307.8,,0.0601,"LIGNITE","FH_GERMANY","CHP_LIGNITE_01",1.02279
"MITTE","SLOW","D-32",81.6,170,3.4,3.4,8,8,81.6,0.1,FALSE,0,,0.0685,"NAT_GAS","FH_NCG","CCGT_NAT_GAS_08",0.50597
"NEUDORF_2","SLOW","A-22",55,164,3.28,3.28,8,8,55,0.1,FALSE,151.1159,,0.0548,"FUELOIL_1","FH_WEST_MED","CHP_FUELOIL_1_01",0.87596
"KLINGENB","SLOW","D-47",77.76,162,0.10667,0.10667,24,12,160.4,0.1,FALSE,249.9429,,0.0601,"LIGNITE","FH_GERMANY","CST_LIGNITE_07",0.92585
"FLENSBURG_K","SLOW","D-1",75.84,158,0.10667,0.10667,24,12,156.4,0.1,FALSE,0,,0.0685,"COAL","FH_ARA","BIOMASSOTHER_03",0.91358
"TOTAL","SLOW","B_meerho",154,154,0,0,8,8,154,0.1,FALSE,0,,0.0685,"NAT_GAS","FH_ZGH","CHP_NAT_GAS_12",0.42918
"LEOPOLDAU","SLOW","A-4",51,151.8,3.036,3.036,8,8,51,0.1,FALSE,157.6365,,0.0685,"NAT_GAS","FH_AUSTRIA","CHP_GASOIL_01",0.44517
"GOLDENBERG","SLOW","D-126",72.48,151,0.1,0.1,24,12,149.5,0.1,FALSE,194.79,,0.0601,"LIGNITE","FH_GERMANY","CHP_LIGNITE_02",0.98693
"WEDEL_2","SLOW","D-16",34.3,151,3.02,3.02,24,12,34.3,0.1,FALSE,203.85,,0.0685,"COAL","FH_ARA","CCGT_NAT_GAS_19",0.882
"EI_NUCLEAR_FR_AVAIL","SLOW","F-174",75,150,5,5,168,168,75,1,FALSE,175.9091,,0.0287,"NUCLEAR","FH_FRANCE","NUCLEAR_04",0.01456
"BRAUNSCHWEIG","SLOW","D-51",70.6,147,2.94,2.94,8,8,70.6,0.1,FALSE,0,14471.90951,0.0685,"NAT_GAS","FH_NCG","CCGT_NAT_GAS_05",0.45995
"FESSENHEIM_1DE","SLOW","F-100",73.5,147,4.9,4.9,168,168,73.5,1,FALSE,0,,0.0287,"NUCLEAR","FH_FRANCE","NUCLEAR_03",0.02394
"FESSENHEIM_2DE","SLOW","F-100",73.5,147,4.9,4.9,168,168,73.5,1,FALSE,0,,0.0287,"NUCLEAR","FH_FRANCE","NUCLEAR_03",0.01774
"Bernburg","SLOW","D-79",69.6,145,2.9,2.9,8,8,69.6,0.1,FALSE,105.8774,14275.01279,0.0685,"NAT_GAS","FH_NCG","CCGT_NAT_GAS_02",0.47707
"IJMOND_1","SLOW","NL-11",69.6,145,2.9,2.9,8,8,69.6,0.1,FALSE,0,,0.0685,"NAT_GAS","FH_TTF","CHP_NAT_GAS_21",0.49011
"JENA_SUD","SLOW","D-92",69.6,145,2.9,2.9,8,8,69.6,0.1,FALSE,147.7358,,0.0685,"NAT_GAS","FH_NCG","CCGT_NAT_GAS_09",0.42876
"Wolfsburg_West_1","SLOW","D-58",68.64,143,0.09333,0.09333,24,12,141.6,0.1,FALSE,149.5703,,0.0685,"COAL","FH_ARA","CST_COAL_04",0.8903
"Wolfsburg_West_2","SLOW","D-58",68.64,143,0.09333,0.09333,24,12,141.6,0.1,FALSE,0,,0.0685,"COAL","FH_ARA","CHP_COAL_01",0.80136
"EXXONMOBIL","SLOW","B-2",96,140,2.8,2.8,8,8,96,0.1,FALSE,122.5069,,0.0685,"NAT_GAS","FH_ZGH","CHP_NAT_GAS_22",0.57771
"ESSENT_INESCO","SLOW","B-2",96,135,2.6,2.6,8,8,96,0.1,FALSE,0.0014,,0.0685,"NAT_GAS","FH_ZGH","CCGT_NAT_GAS_17",0.50214
"Frank_West_2_3","SLOW","D-65",64.32,134,0.08667,0.08667,24,12,132.7,0.1,FALSE,195.5676,,0.0685,"COAL","FH_ARA","CHP_COAL_02",1.00351
"Wolfsburg_Nord","SLOW","D-58",62.4,130,2.6,2.6,8,8,62.4,0.1,FALSE,125.6713,,0.0685,"NAT_GAS","FH_NCG","CHP_NAT_GAS_23",0.49034
"Tiefstack_GuD","SLOW","D-21",26,127,2.54,2.54,8,8,26,0.1,FALSE,0,,0.0685,"NAT_GAS","FH_NCG","CHP_NAT_GAS_12",0.47247
"REUTER","SLOW","D-47",58.56,122,0.08,0.08,24,12,120.8,0.1,FALSE,124.2474,,0.0685,"COAL","FH_ARA","CST_COAL_07",0.93705
"BURGHAUS","SLOW","D-188",57.6,120,2.4,2.4,8,8,57.6,0.1,FALSE,0,11813.80368,0.0685,"NAT_GAS","FH_NCG","CHP_NAT_GAS_12",0.44182
"MARIANEHE","SLOW","D-5",57.6,120,2.4,2.4,8,8,57.6,0.1,FALSE,0,,0.0685,"NAT_GAS","FH_NCG","GST_FUELOIL_1_02",0.43164
"HAST_1","SLOW","D-36",57.12,119,0.08,0.08,24,12,117.8,0.1,FALSE,124.4676,,0.0685,"COAL","FH_ARA","CST_COAL_04",1.01053
"WURZBURG","SLOW","D-154",56.6,118,2.36,2.36,8,8,56.6,0.1,FALSE,88.6891,,0.0685,"NAT_GAS","FH_NCG","CHP_NAT_GAS_10",0.49152
"FESSENHEIM_1CH","SLOW","F-100",58.5,117,3.9,3.9,168,168,58.5,1,FALSE,0,,0.0287,"NUCLEAR","FH_FRANCE","NUCLEAR_03",0.01435
"FESSENHEIM_2CH","SLOW","F-100",58.5,117,3.9,3.9,168,168,58.5,1,FALSE,0,,0.0287,"NUCLEAR","FH_FRANCE","NUCLEAR_03",0.01333
"Plattling","SLOW","D-188",55.7,116,2.32,2.32,8,8,55.7,0.1,FALSE,112.1375,,0.0685,"NAT_GAS","FH_NCG","CHP_NAT_GAS_23",0.44032
"LINZSUD_1","SLOW","A-5",38,112.6,2.252,2.252,8,8,38,0.1,FALSE,116.9293,,0.0685,"NAT_GAS","FH_AUSTRIA","CHP_NAT_GAS_24",0.44093
"BITTERFELD","SLOW","D-85",74.2,106,2.12,2.12,8,8,74.2,0.1,FALSE,60.8175,10435.52659,0.0685,"NAT_GAS","FH_NCG","CHP_NAT_GAS_25",0.60427
"MERWEDEKANAAL_11","SLOW","NL-10",14.2,103,2.06,2.06,8,8,14.2,0.1,FALSE,140.1009,,0.0685,"NAT_GAS","FH_TTF","CHP_NAT_GAS_26",0.73039
"Obernburg","SLOW","D-216",49,102,2.04,2.04,8,8,49,0.1,FALSE,0,,0.0685,"NAT_GAS","FH_NCG","CCGT_NAT_GAS_08",0.60033
"LEVERKUS","SLOW","D-126",48,100,0.06667,0.06667,24,12,99,0.1,FALSE,0,,0.0685,"COAL","FH_ARA","CHP_COAL_01",1.12182
"WILMERSD_1","SLOW","D-41",35.7,99,1.98,1.98,8,8,35.7,0.1,FALSE,0,,0.0887,"GASOIL","FH_NWE","CST_LIGNITE_09",1.1512
"Herrenhausen","SLOW","D-53",47,98,1.96,1.96,8,8,47,0.1,FALSE,132.3,,0.0993,"NAT_GAS","FH_NCG","GST_GASOIL_03",0.48235
"MERWEDEKANAAL_10","SLOW","NL-10",11.4,96,1.92,1.92,8,8,11.4,0.1,FALSE,134.6496,,0.0993,"NAT_GAS","FH_TTF","CHP_NAT_GAS_27",0.45447
"Duisburg_Hochfeld","SLOW","D-100",45.6,95,0.06,0.06,24,12,94.1,0.1,FALSE,99.3649,,0.0621,"COAL","FH_ARA","CST_COAL_04",0.99458
"SOLVAY_JEMEPPE","SLOW","B-17",94,94,0,0,8,8,94,0.1,FALSE,0.0025,,0.0993,"NAT_GAS","FH_ZGH","CHP_NAT_GAS_28",0.50055
"MOABIT","SLOW","D-47",50.5,93,1.86,1.86,24,12,50.5,0.1,FALSE,0,,0.0621,"COAL","FH_ARA","CHP_COAL_06",1.04735
"ROMERBRUCKE","SLOW","D-162",43.7,91,1.82,1.82,8,8,43.7,0.1,FALSE,83.85,,0.0993,"NAT_GAS","FH_NCG","CHP_FUELOIL_1_01",0.45769
"WILMERSD_2","SLOW","D-41",32.1,89,1.78,1.78,8,8,32.1,0.1,FALSE,0,,0.0887,"GASOIL","FH_NWE","CST_LIGNITE_09",0.66607
"WILMERSD_3","SLOW","D-41",32.1,89,1.78,1.78,8,8,32.1,0.1,FALSE,0,,0.0887,"GASOIL","FH_NWE","CST_LIGNITE_09",0.7977
"ELBERFELD","SLOW","D-126",36.8,88,1.76,1.76,24,12,36.8,0.1,FALSE,109.8587,,0.0621,"COAL","FH_ARA","CST_COAL_28",1.11991
"HEIZKRAFTWERK","SLOW","A-18",28,85,1.7,1.7,8,8,28,0.1,FALSE,60.9167,,0.0993,"NAT_GAS","FH_AUSTRIA","CHP_NAT_GAS_14",0.67897
"LILLO_DEGUSSA","SLOW","B-2",34,85,1.7,1.7,8,8,34,0.1,FALSE,65.79,,0.0993,"NAT_GAS","FH_ZGH","CHP_NAT_GAS_29",0.50553
"SIMMERING_4","SLOW","A-7",27,82,1.64,1.64,8,8,27,0.1,FALSE,0,,0.0993,"NAT_GAS","FH_AUSTRIA","CHP_NAT_GAS_30",0.67535
"LEIDEN_12","SLOW","NL-15",9.1,81,1.62,1.62,8,8,9.1,0.1,FALSE,71.0818,,0.0993,"NAT_GAS","FH_TTF","CHP_NAT_GAS_31",0.46568
"MUNSTER","SLOW","D-159",38.4,80,1.6,1.6,8,8,38.4,0.1,FALSE,55.4243,,0.0993,"NAT_GAS","FH_NCG","CCGT_NAT_GAS_06",0.45708
"DEN_HAAG_15","SLOW","NL-15",34.5,78,1.56,1.56,8,8,34.5,0.1,FALSE,68.9187,,0.0993,"NAT_GAS","FH_TTF","CHP_NAT_GAS_32",0.56295
"NIEDERRAD_BIS","SLOW","D-177",21.7,77.1,1.542,1.542,8,8,21.7,0.1,FALSE,8e-04,,0.0993,"NAT_GAS","FH_NCG","CHP_NAT_GAS_33",0.42954
"PURMEREND_1","SLOW","NL-13",26.8,67,1.34,1.34,8,8,26.8,0.1,FALSE,84.532,,0.0993,"NAT_GAS","FH_TTF","CHP_NAT_GAS_35",0.67412
"SHAMROCK_3","SLOW","D-108",11.9,66,1.32,1.32,24,12,11.9,0.1,FALSE,0,,0.0621,"COAL","FH_ARA","CST_LIGNITE_09",1.00203
"SHAMROCK_5","SLOW","D-108",11.9,66,1.32,1.32,24,12,11.9,0.1,FALSE,0,,0.0621,"COAL","FH_ARA","CST_LIGNITE_09",1.04172
"SIMMERING_3","SLOW","A-7",31.2,65,1.3,1.3,8,8,31.2,0.1,FALSE,73.125,,0.0993,"NAT_GAS","FH_AUSTRIA","CHP_NAT_GAS_36",0.50978
"ALMERE_1","SLOW","NL-13",58.5,64,0.36667,0.36667,8,8,58.5,0.1,FALSE,49.6193,6266.101324,0.0993,"NAT_GAS","FH_TTF","CHP_NAT_GAS_37",0.88104
"NIEDERRAD","SLOW","D-177",21.7,60,1.2,1.2,8,8,21.7,0.1,FALSE,66.1214,,0.0993,"NAT_GAS","FH_NCG","CHP_NAT_GAS_38",0.50767
"LANXESS_RUBBER","SLOW","B-2",42,58,1.06667,1.06667,8,8,42,0.1,FALSE,31.9464,,0.0993,"NAT_GAS","FH_ZGH","CHP_NAT_GAS_39",0.47785
"LINZSUD_2","SLOW","A-5",19,55.5,1.11,1.11,8,8,19,0.1,FALSE,55.5006,,0.0993,"NAT_GAS","FH_AUSTRIA","CHP_NAT_GAS_40",0.51604
"ALMERE_2","SLOW","NL-13",48.6,54,0.36,0.36,8,8,48.6,0.1,FALSE,13.5016,5287.022992,0.0993,"NAT_GAS","FH_TTF","CHP_NAT_GAS_41",0.48327
"STORA_ENSO","SLOW","B-3",42,50,0.53333,0.53333,8,8,42,0.1,FALSE,10.8,,0.0993,"NAT_GAS","FH_ZGH","CHP_NAT_GAS_42",0.43508
"AMYLUM","SLOW","B-2",48,48,0,0,8,8,48,0.1,FALSE,14.8135,4694.354261,0.0993,"NAT_GAS","FH_ZGH","CHP_NAT_GAS_43",0.53691
"CHEMBEL","SLOW","B-2",43,43,0,0,8,8,43,0.1,FALSE,8.9301,4205.359026,0.0993,"NAT_GAS","FH_ZGH","CHP_NAT_GAS_44",0.47492
"LANXESS_BAYER","SLOW","B-2",43,43,0,0,8,8,43,0.1,FALSE,25.3293,,0.0993,"NAT_GAS","FH_ZGH","CHP_NAT_GAS_45",0.39382
"MONSANTO","SLOW","B-2",43,43,0,0,8,8,43,0.1,FALSE,7.9423,,0.0993,"NAT_GAS","FH_ZGH","CHP_NAT_GAS_46",0.43193
"SAPPI","SLOW","B_meerho",43,43,0,0,8,8,43,0.1,FALSE,27.864,,0.0993,"NAT_GAS","FH_ZGH","CHP_NAT_GAS_47",0.51764
"AIR_PRODUCTS","SLOW","NL-15",26,42,0.84,0.84,8,8,26,0.1,FALSE,28.0743,4112.128994,0.0993,"NAT_GAS","FH_TTF","CHP_NAT_GAS_48",0.53908
"FLUXYS","SLOW","B-6",40,40,0,0,8,8,40,0.1,FALSE,6e-04,,0.0993,"NAT_GAS","FH_ZGH","CHP_NAT_GAS_49",0.52
"LEUNA_2","SLOW","D-91",18.4,38.3,0.766,0.766,8,8,18.4,0.1,FALSE,89.9217,,0.0993,"WASTE","FH_GERMANY","GT_WASTE_01",0.03004
"LEUNA_3","SLOW","D-91",16.4,34.2,0.684,0.684,8,8,16.4,0.1,FALSE,80.2957,,0.0993,"WASTE","FH_GERMANY","GT_WASTE_01",-0.55538
"SHAMROCK_2","SLOW","D-108",15.84,33,0.02,0.02,24,12,32.7,0.1,FALSE,31.9275,,0.0621,"COAL","FH_ARA","CHP_NAT_GAS_06",0.9293
"LEUNA_4","SLOW","D-91",13.7,28.5,0.57,0.57,8,8,13.7,0.1,FALSE,47.9543,,0.0993,"WASTE","FH_GERMANY","CHP_WASTE_01",0.04051
"PHENOLCHEMIE","SLOW","B-2",22.8,22.8,0,0,8,8,22.8,0.1,FALSE,5.13,,0.0993,"NAT_GAS","FH_ZGH","CHP_NAT_GAS_50",0.4601
"OUDEGEM","SLOW","B-13",14.5,14.5,0,0,8,8,14.5,0.1,FALSE,9.396,,0.0993,"NAT_GAS","FH_ZGH","CHP_NAT_GAS_47",0.45702
"NEURATH_BoA_2_3","SLOW","D-136",777.2,1943,38.86,38.86,24,12,777.2,1,FALSE,1682.1946,,0.0601,"LIGNITE","FH_GERMANY","CST_LIGNITE_01",1.0485
"CLAUS_C","FAST","NL_Maasb",701.3,1275,25.5,25.5,8,4,701.3,1,FALSE,0,108315.1542,0.0372,"NAT_GAS","FH_TTF","CCGT_NAT_GAS_01",0.43597
"BOCHOLT","FAST","D-100",660,1200,36,36,8,4,660,1,FALSE,876.2264,32859.78096,0.0372,"NAT_GAS","FH_NCG","CCGT_NAT_GAS_02",0.36982
"NIEDERAUS_BoA","SLOW","D_Rommer",386,965,19.3,19.3,24,12,386,1,FALSE,0,,0.0601,"LIGNITE","FH_GERMANY","CST_LIGNITE_02",0.9497
"LINGEN_EMSLAND","FAST","D-56",503.3,915,27.44667,27.44667,8,4,503.3,1,FALSE,884.5328,,0.0372,"NAT_GAS","FH_NCG","CCGT_NAT_GAS_03",0.49175
"SLOE","FAST","NL_Borss",478.5,870,26.1,26.1,8,4,478.5,1,FALSE,827.5498,,0.0372,"NAT_GAS","FH_TTF","CCGT_NAT_GAS_04",0.49605
"HEYDEN","SLOW","D-65",346,865,17.3,17.3,24,12,346,1,FALSE,0,,0.0705,"COAL","FH_ARA","CST_COAL_01",1.10237
"LIPPEND_R","SLOW","D-68",346,865,8.65,8.65,24,12,346,1,FALSE,1101.6509,,0.0601,"LIGNITE","FH_GERMANY","CST_LIGNITE_03",1.06661
"BOXBERG_3","SLOW","D-176",340,850,17,17,24,12,340,1,FALSE,0,39772.03257,0.0601,"LIGNITE","FH_GERMANY","CST_LIGNITE_04",0.98412
"Mellach_CCGT","FAST","A-34",456.5,830,24.9,24.9,8,4,456.5,1,FALSE,0,,0.0372,"NAT_GAS","FH_AUSTRIA","CCGT_NAT_GAS_05",0.4505
"IRSCHING_5","FAST","D-191",440,800,24,24,8,4,440,1,FALSE,554.2427,,0.0372,"NAT_GAS","FH_NCG","CCGT_NAT_GAS_06",0.45688
"RIJNMOND_1","FAST","NL-17",437.3,795,23.84667,23.84667,8,4,437.3,1,FALSE,576.1517,,0.0372,"NAT_GAS","FH_TTF","CCGT_NAT_GAS_07",0.48796
"SCHW_PUMP_1","SLOW","D-62",307.2,768,15.36,15.36,24,12,307.2,1,FALSE,724.9171,,0.0601,"LIGNITE","FH_GERMANY","CST_LIGNITE_05",0.92185
"SCHW_PUMP_2","SLOW","D-62",307.2,768,15.36,15.36,24,12,307.2,1,FALSE,724.9171,,0.0601,"LIGNITE","FH_GERMANY","CST_LIGNITE_05",0.90403
"HAMM_UENTROP","FAST","D-88",418,760,22.8,22.8,8,4,418,1,FALSE,0,,0.0372,"NAT_GAS","FH_NCG","CCGT_NAT_GAS_08",0.47017
"HUERTH_KNAPSACK","FAST","D_Rommer",418,760,22.8,22.8,8,4,418,1,FALSE,0,,0.0372,"NAT_GAS","FH_NCG","CCGT_NAT_GAS_08",0.5041
"WILHELMSHAVEN_1","SLOW","D-22",300,750,15,15,24,12,300,1,FALSE,0,,0.0721,"COAL","FH_ARA","CST_COAL_01",0.9377
"BEXBACH_1","SLOW","D-162",294.4,736,14.72,14.72,24,12,294.4,1,FALSE,1119.5493,38232.58998,0.0721,"COAL","FH_ARA","CST_COAL_02",0.77152
"BERGKAMEN","SLOW","D-104",286.4,716,7.16,7.16,24,12,286.4,1,FALSE,0,40831.83546,0.0721,"COAL","FH_ARA","CST_COAL_03",1.19117
"IBBENBUREN1","SLOW","D-95",281.9,704.8,7.048,7.048,24,12,281.9,1,FALSE,737.1827,,0.0721,"COAL","FH_ARA","CST_COAL_04",0.90504
"ARAMON_1","FAST","F-275",54.8,685,6.85,6.85,12,8,54.8,1,FALSE,736.375,78726.70065,0.0847,"FUELOIL_1","FH_ARA","NUCLEAR_07",0.94617
"ARAMON_2","FAST","F-275",54.8,685,6.85,6.85,12,8,54.8,1,FALSE,1027.5,78726.70065,0.0847,"FUELOIL_1","FH_ARA","GST_FUELOIL_1_01",0.69934
"CORDEMAIS_2","FAST","F-160",54.8,685,6.85,6.85,12,8,54.8,1,FALSE,736.375,78726.70065,0.0847,"FUELOIL_1","FH_ARA","NUCLEAR_07",0.73446
"CORDEMAIS_3","FAST","F-160",54.8,685,6.85,6.85,12,8,54.8,1,FALSE,736.375,78726.70065,0.0847,"FUELOIL_1","FH_ARA","NUCLEAR_07",0.88589
"SCHOLVEN_F","SLOW","D-102",270.4,676,13.52,13.52,24,12,270.4,1,FALSE,707.0595,,0.0721,"COAL","FH_ARA","CST_COAL_04",1.19122
"VOERDE_1","SLOW","D-100",270,675,6.75,6.75,24,12,270,1,FALSE,0,,0.0721,"COAL","FH_ARA","CST_COAL_01",0.99819
"VOERDE_2","SLOW","D-100",270,675,6.75,6.75,24,12,270,1,FALSE,0,,0.0721,"COAL","FH_ARA","CST_COAL_01",1.05326
"CLAUS_A","FAST","NL_Maasb",51.2,640,6.4,6.4,12,8,51.2,1,FALSE,613.9812,54369.95973,0.145,"NAT_GAS","FH_TTF","GST_NAT_GAS_01",0.52368
"WEIHER_III","SLOW","D-180",255.6,639,6.39,6.39,24,12,255.6,1,FALSE,884.7692,,0.0721,"COAL","FH_ARA","CST_COAL_05",0.92686
"AMER_81","SLOW","NL-11",50.6,632,6.32,6.32,12,8,50.6,1,FALSE,0,40755.91424,0.145,"BIOMASS","FH_NETHERLANDS","NUCLEAR_02",0.05941
"HEMWEG_8","SLOW","NL-4",50.4,630,6.3,6.3,12,8,50.4,1,FALSE,557.9176,,0.145,"NAT_GAS","FH_TTF","CST_NAT_GAS_01",0.46398
"BOXBERG_R","SLOW","D-176",249.6,624,12.48,12.48,24,12,249.6,1,FALSE,540.2416,29197.35097,0.0601,"LIGNITE","FH_GERMANY","CST_LIGNITE_01",1.37271
"STAUDINGER_4","FAST","D-197",49.8,622,12.44,12.44,12,8,49.8,1,FALSE,687.7543,,0.145,"NAT_GAS","FH_NCG","GST_NAT_GAS_02",0.44983
"Gersteinwerk_K","SLOW","D-66",243.2,608,6.08,6.08,24,12,243.2,1,FALSE,0,,0.0721,"COAL","FH_ARA","CST_COAL_06",0.90483
"CARLING_6","SLOW","F-41",240,600,6,6,24,12,240,1,FALSE,611.0526,34216.62189,0.0721,"COAL","FH_FRANCE","CST_COAL_07",1.07025
"NEURATH_4","SLOW","D-136",240,600,6,6,24,12,240,1,FALSE,645,,0.0601,"LIGNITE","FH_GERMANY","NUCLEAR_07",0.81056
"NEURATH_5","SLOW","D-136",240,600,6,6,24,12,240,1,FALSE,645,,0.0601,"LIGNITE","FH_GERMANY","NUCLEAR_07",1.09118
"WEISWEI_G","SLOW","D-136",240,600,6,6,24,12,240,1,FALSE,645,,0.0601,"LIGNITE","FH_GERMANY","NUCLEAR_07",1.04983
"WEISWEI_H","SLOW","D-136",240,600,6,6,24,12,240,1,FALSE,0,,0.0601,"LIGNITE","FH_GERMANY","NUCLEAR_02",0.9572
"GELDERLAND_13","SLOW","NL-16",47.6,595,5.95,5.95,12,8,47.6,1,FALSE,0,,0.28,"FUELOIL_1","FH_ARA","CST_FUELOIL_1_01",0.89233
"GARDANNE_5","SLOW","F-282",236,590,5.9,5.9,24,12,236,1,FALSE,0,,0.0884,"COAL","FH_FRANCE","CHP_COAL_01",0.80644
"AMER_91","SLOW","NL-11",235.6,589,5.89,5.89,24,12,235.6,1,FALSE,527.6458,33589.31716,0.0884,"COAL","FH_ARA","CST_COAL_08",0.69913
"LEHAVRE_2","SLOW","F-32",234,585,5.85,5.85,24,12,234,1,FALSE,610.3936,,0.0884,"COAL","FH_FRANCE","CST_COAL_09",0.95496
"PORCHEVILLE_1","FAST","F-74",46.8,585,5.85,5.85,12,8,46.8,1,FALSE,0,,0.28,"FUELOIL_1","FH_ARA","GST_FUELOIL_1_02",0.71902
"PORCHEVILLE_2","FAST","F-74",46.8,585,5.85,5.85,12,8,46.8,1,FALSE,0,,0.28,"FUELOIL_1","FH_ARA","GST_FUELOIL_1_02",0.77838
"PORCHEVILLE_3","FAST","F-98",46.8,585,5.85,5.85,12,8,46.8,1,FALSE,646.8429,,0.28,"FUELOIL_1","FH_ARA","GST_NAT_GAS_02",0.81948
"PORCHEVILLE_4","FAST","F-98",46.8,585,5.85,5.85,12,8,46.8,1,FALSE,646.8429,,0.28,"FUELOIL_1","FH_ARA","GST_NAT_GAS_02",0.80347
"CORDEMAIS_4","SLOW","F-160",232,580,5.8,5.8,24,12,232,1,FALSE,0,33076.06783,0.0884,"COAL","FH_FRANCE","CHP_COAL_01",0.89994
"CORDEMAIS_5","SLOW","F-160",232,580,5.8,5.8,24,12,232,1,FALSE,737.1146,33076.06783,0.0884,"COAL","FH_FRANCE","CST_COAL_10",0.94718
"LEHAVRE_4","SLOW","F-32",232,580,5.8,5.8,24,12,232,1,FALSE,575.5385,,0.0884,"COAL","FH_FRANCE","CST_COAL_11",0.91901
"NIEDERAUS_G","SLOW","D_Rommer",223.4,558.6,5.586,5.586,24,12,223.4,1,FALSE,0,,0.0601,"LIGNITE","FH_GERMANY","NUCLEAR_02",1.06361
"NIEDERAUS_H","SLOW","D_Rommer",223.4,558.6,5.586,5.586,24,12,223.4,1,FALSE,0,,0.0601,"LIGNITE","FH_GERMANY","NUCLEAR_02",0.97888
"DUNKERQUE_DK6","FAST","F-1",293.2,533,15.98667,15.98667,8,4,293.2,1,FALSE,389.1906,,0.0372,"NAT_GAS","FH_PEG_NORD","CCGT_NAT_GAS_02",0.46193
"MAASVLAKTE_1","SLOW","NL-15",208,520,5.2,5.2,24,12,208,1,FALSE,486.7925,,0.0884,"COAL","FH_ARA","CST_COAL_12",0.89358
"MAASVLAKTE_2","SLOW","NL-15",208,520,5.2,5.2,24,12,208,1,FALSE,485.9696,,0.0884,"COAL","FH_ARA","CST_COAL_13",1.25924
"IRSCHING_4","FAST","D-191",284.4,517,15.50667,15.50667,8,4,284.4,1,FALSE,358.1794,,0.0372,"NAT_GAS","FH_NCG","CCGT_NAT_GAS_06",0.39246
"Landesbergen","FAST","D-49",275,500,10,10,8,4,275,1,FALSE,496.1538,,0.0372,"NAT_GAS","FH_NCG","CST_COAL_11",0.3753
"SCHKOPAU_1","SLOW","D-58",200,500,10,10,24,12,200,1,FALSE,483.75,,0.0601,"LIGNITE","FH_GERMANY","CHP_NAT_GAS_06",1.04892
"SPE_CCGT_SERAING","FAST","B-6",266.8,485,14.54667,14.54667,8,4,266.8,1,FALSE,0,,0.0372,"NAT_GAS","FH_ZGH","CCGT_NAT_GAS_08",0.43968
"HERDERSBRUG","FAST","B-7",264.2,480.3,14.40667,14.40667,8,4,264.2,1,FALSE,489.3623,,0.0372,"NAT_GAS","FH_ZGH","CCGT_NAT_GAS_09",0.44132
"ZOLLING_1","SLOW","D-191",187.2,468,4.68,4.68,24,12,187.2,1,FALSE,0,,0.0884,"COAL","FH_ARA","CST_COAL_14",1.02649
"BOXBERG_1","SLOW","D-176",186,465,9.3,9.3,24,12,186,1,FALSE,514.1571,20492.93083,0.0601,"LIGNITE","FH_GERMANY","GST_NAT_GAS_02",0.89757
"BOXBERG_2","SLOW","D-176",186,465,9.3,9.3,24,12,186,1,FALSE,0,20492.93083,0.0601,"LIGNITE","FH_GERMANY","GST_FUELOIL_1_02",0.7878
"MARTIGUES_CCGT_1","FAST","F-283",255.8,465,13.94667,13.94667,8,4,255.8,1,FALSE,0,,0.0372,"NAT_GAS","FH_PEG_SUD","CCGT_NAT_GAS_10",0.47335
"MARTIGUES_CCGT_2","FAST","F-283",255.8,465,13.94667,13.94667,8,4,255.8,1,FALSE,0,,0.0372,"NAT_GAS","FH_PEG_SUD","CCGT_NAT_GAS_10",0.45538
"DROGENBOS","FAST","B-13",253,460,13.8,13.8,8,4,253,1,FALSE,0,,0.0372,"NAT_GAS","FH_ZGH","CCGT_NAT_GAS_08",0.49427
"RHEINHAF_2","SLOW","D-192",184,460,9.2,9.2,24,12,184,1,FALSE,445.05,,0.0884,"COAL","FH_ARA","CHP_NAT_GAS_06",1.04215
"VELSEN_24","FAST","NL-11",36.7,459,4.59,4.59,12,8,36.7,1,FALSE,629.0863,,0.159,"NAT_GAS","FH_TTF","GST_NAT_GAS_03",0.47079
"JANSCHW_1","SLOW","D-62",182.4,456,9.12,9.12,24,12,182.4,1,FALSE,703.5429,,0.0601,"LIGNITE","FH_GERMANY","CST_LIGNITE_06",0.88304
"JANSCHW_2","SLOW","D-62",182.4,456,9.12,9.12,24,12,182.4,1,FALSE,703.5429,,0.0601,"LIGNITE","FH_GERMANY","CST_LIGNITE_07",1.06357
"JANSCHW_3","SLOW","D-62",182.4,456,9.12,9.12,24,12,182.4,1,FALSE,703.5429,,0.0601,"LIGNITE","FH_GERMANY","CST_LIGNITE_07",1.07533
"JANSCHW_4","SLOW","D-62",182.4,456,9.12,9.12,24,12,182.4,1,FALSE,504.2057,,0.0601,"LIGNITE","FH_GERMANY","GST_NAT_GAS_02",0.77717
"JANSCHW_5","SLOW","D-62",182.4,456,9.12,9.12,24,12,182.4,1,FALSE,703.5429,,0.0601,"LIGNITE","FH_GERMANY","CST_LIGNITE_07",1.27222
"JANSCHW_6","SLOW","D-62",182.4,456,9.12,9.12,24,12,182.4,1,FALSE,703.5429,,0.0601,"LIGNITE","FH_GERMANY","CST_LIGNITE_07",0.99154
"LIPPEND_S","SLOW","D-68",179.6,449,4.49,4.49,24,12,179.6,1,FALSE,571.8396,,0.0601,"LIGNITE","FH_GERMANY","CST_LIGNITE_03",1.59781
"EI_BAYET","FAST","F-193",242,440,13.2,13.2,8,4,242,1,FALSE,306.3692,,0.0372,"NAT_GAS","FH_PEG_SUD","CCGT_NAT_GAS_11",0.49758
"FRANKEN_2BIS","FAST","D-129",35.2,440,8.8,8.8,12,8,35.2,1,FALSE,0,,0.159,"NAT_GAS","FH_NCG","CHP_NAT_GAS_07",0.44741
"AMERCOEUR_1","FAST","B_Moncea",240.4,437,13.10667,13.10667,8,4,240.4,1,FALSE,422.1467,11903.56121,0.0372,"NAT_GAS","FH_ZGH","CCGT_NAT_GAS_12",0.4758
"CYCOFOS","FAST","F-303",239.3,435,13.04667,13.04667,8,4,239.3,1,FALSE,302.8877,12860.53858,0.0372,"NAT_GAS","FH_PEG_SUD","CCGT_NAT_GAS_11",0.47437
"ENECOGEN_1","FAST","NL-15",239.3,435,13.04667,13.04667,8,4,239.3,1,FALSE,413.7749,,0.0372,"NAT_GAS","FH_TTF","CCGT_NAT_GAS_04",0.3544
"FLEVO_4","FAST","NL-8",239.3,435,13.04667,13.04667,8,4,239.3,1,FALSE,296.5387,,0.0372,"NAT_GAS","FH_TTF","CCGT_NAT_GAS_13",0.48744
"FLEVO_5","FAST","NL-8",239.3,435,13.04667,13.04667,8,4,239.3,1,FALSE,0,,0.0372,"NAT_GAS","FH_TTF","CCGT_NAT_GAS_01",0.48905
"HEMWEG_9","FAST","NL-4",239.3,435,13.04667,13.04667,8,4,239.3,1,FALSE,413.7749,,0.0372,"NAT_GAS","FH_TTF","CCGT_NAT_GAS_14",0.37039
"LIPPEND_S_BIS","SLOW","D-68",173,432.5,4.325,4.325,24,12,173,1,FALSE,394.7583,,0.0601,"LIGNITE","FH_GERMANY","CST_LIGNITE_08",0.86501
"MOERDIJK_2","FAST","NL_Geert",67.9,430,8.6,8.6,8,4,67.9,1,FALSE,538.7494,,0.0372,"NAT_GAS","FH_TTF","CCGT_NAT_GAS_15",0.50547
"EI_BLENOD","FAST","F-63",235.4,428,12.84,12.84,8,4,235.4,1,FALSE,298.0137,,0.0372,"NAT_GAS","FH_PEG_NORD","CCGT_NAT_GAS_11",0.67705
"COMBIGOLFE","FAST","F-275",234.3,426,12.78,12.78,8,4,234.3,1,FALSE,0,12594.45847,0.0372,"NAT_GAS","FH_PEG_SUD","CCGT_NAT_GAS_10",0.50009
"MONTOIR","FAST","F-160",234.3,426,12.78,12.78,8,4,234.3,1,FALSE,413.8899,,0.0372,"NAT_GAS","FH_PEG_NORD","CCGT_NAT_GAS_16",0.42511
"TPOWER","FAST","B-2",231,420,12.6,12.6,8,4,231,1,FALSE,0,,0.0372,"NAT_GAS","FH_ZGH","CCGT_NAT_GAS_17",0.53489
"IRSCHING_3","FAST","D-191",33.4,417,8.34,8.34,12,8,33.4,1,FALSE,0,,0.159,"NAT_GAS","FH_NCG","GST_FUELOIL_1_02",0.46041
"CCGT_HUCHET1","FAST","F_Vigy",225.5,410,12.3,12.3,8,4,225.5,1,FALSE,0,11320.77724,0.0372,"NAT_GAS","FH_PEG_NORD","CCGT_NAT_GAS_10",0.55671
"CCGT_HUCHET2","FAST","F_Vigy",225.5,410,12.3,12.3,8,4,225.5,1,FALSE,285.4804,11320.77724,0.0372,"NAT_GAS","FH_PEG_NORD","CCGT_NAT_GAS_11",0.37519
"DUFERCO_CCGT","FAST","B-17",225.5,410,12.3,12.3,8,4,225.5,1,FALSE,398.6316,,0.0372,"NAT_GAS","FH_ZGH","CCGT_NAT_GAS_18",0.41625
"EMSLAND_B","FAST","D-56",225.5,410,12.3,12.3,8,4,225.5,1,FALSE,553.5,,0.0372,"NAT_GAS","FH_NCG","CCGT_NAT_GAS_19",0.77598
"EMSLAND_C","FAST","D-56",225.5,410,12.3,12.3,8,4,225.5,1,FALSE,553.5,,0.0372,"NAT_GAS","FH_NCG","CCGT_NAT_GAS_19",0.42442
"GERSTEINWERK_F","FAST","D-66",32.8,410,4.1,4.1,12,8,32.8,1,FALSE,527.1429,,0.159,"NAT_GAS","FH_NCG","GST_NAT_GAS_04",0.41726
"GERSTEINWERK_G","FAST","D-66",32.8,410,4.1,4.1,12,8,32.8,1,FALSE,0,,0.159,"NAT_GAS","FH_NCG","CST_COAL_06",0.43385
"PONTSSAMBRE","FAST","F-10",225.5,410,12.3,12.3,8,4,225.5,1,FALSE,285.4804,,0.0372,"NAT_GAS","FH_PEG_NORD","CCGT_NAT_GAS_11",0.42833
"BORSSELE_12","SLOW","NL-17",32.5,406,4.06,4.06,12,8,32.5,1,FALSE,394.4815,23420.20453,0.159,"BIOMASS","FH_NETHERLANDS","CST_BIOMASS_01",-0.15599
"DURNROHR_VBND","SLOW","A-2",162,405,4.05,4.05,24,12,162,1,FALSE,546.75,,0.0884,"COAL","FH_AUSTRIA","CCGT_NAT_GAS_19",0.97791
"CCGT_TOUL","FAST","F-279",220,400,12,12,8,4,220,1,FALSE,388.629,11044.66072,0.0372,"NAT_GAS","FH_PEG_NORD","CCGT_NAT_GAS_16",0.51605
"DORTMUND","FAST","D-104",220,400,12,12,8,4,220,1,FALSE,0,,0.0372,"NAT_GAS","FH_NCG","CCGT_NAT_GAS_08",0.49436
"MAGNUM_10","FAST","NL-1",220,400,12,12,8,4,220,1,FALSE,0,,0.0372,"NAT_GAS","FH_TTF","CCGT_NAT_GAS_20",0.53502
"MAGNUM_20","FAST","NL-1",220,400,12,12,8,4,220,1,FALSE,385.0267,,0.0372,"NAT_GAS","FH_TTF","CCGT_NAT_GAS_21",0.52137
"MAGNUM_30","FAST","NL-1",220,400,12,12,8,4,220,1,FALSE,385.0267,,0.0372,"NAT_GAS","FH_TTF","CCGT_NAT_GAS_22",0.5362
"NIEHL_II","FAST","D-126",220,400,12,12,8,4,220,1,FALSE,0,,0.0372,"NAT_GAS","FH_NCG","CHP_NAT_GAS_12",0.45477
"RIJNMOND_II","FAST","NL-17",220,400,12,12,8,4,220,1,FALSE,380.4826,,0.0372,"NAT_GAS","FH_TTF","CCGT_NAT_GAS_04",0.49933
"SCHKOPAU_2","SLOW","D-58",160,400,8,8,24,12,160,1,FALSE,0,,0.0601,"LIGNITE","FH_GERMANY","CST_LIGNITE_09",1.00419
"TIMMELKAM","FAST","A-6",220,400,12,12,8,4,220,1,FALSE,292.0755,,0.0372,"NAT_GAS","FH_AUSTRIA","CCGT_NAT_GAS_02",0.46453
"INGOLST_3","FAST","D-172",30.9,386,7.72,7.72,12,8,30.9,1,FALSE,0,,0.1064,"GASOIL","FH_NWE","GST_GASOIL_01",0.81643
"INGOLST_4","FAST","D-172",30.9,386,7.72,7.72,12,8,30.9,1,FALSE,553.2667,,0.1064,"GASOIL","FH_NWE","GST_GASOIL_02",0.85912
"VILVOORDE_EON","FAST","B-13",211.8,385,11.54667,11.54667,8,4,211.8,1,FALSE,281.1226,,0.0372,"NAT_GAS","FH_ZGH","CCGT_NAT_GAS_02",0.58244
"FRANKEN_2","FAST","D-129",30.6,383,7.66,7.66,12,8,30.6,1,FALSE,308.7938,,0.1012,"NAT_GAS","FH_NCG","GST_NAT_GAS_05",0.57496
"Emden_4","FAST","D-27",209,380,11.4,11.4,8,4,209,1,FALSE,0,,0.0372,"NAT_GAS","FH_NCG","CST_LIGNITE_09",0.45149
"HERDECKE_STD","FAST","D-95",209,380,11.4,11.4,8,4,209,1,FALSE,0,,0.0372,"NAT_GAS","FH_NCG","CCGT_NAT_GAS_08",0.45854
"ESCH","FAST","Lx-1",206.3,375,11.24667,11.24667,8,4,206.3,1,FALSE,144.0588,,0.0372,"NAT_GAS","FH_ZGH","CCGT_NAT_GAS_23",0.45273
"VELSEN_25","FAST","NL-11",112.5,375,3.75,3.75,6,8,112.5,1,FALSE,341.4706,,0.1012,"OTHER_GAS","FH_NETHERLANDS","GST_OTHER_GAS_01",0.4593
"ZANDVLIET","FAST","B-2",270,375,15,15,8,4,375,1,FALSE,0,,0.0372,"NAT_GAS","FH_ZANDVLIETPOWER","CCGT_NAT_GAS_08",0.49132
"GERSTEINWERK_I","FAST","D-66",28.4,355,3.55,3.55,12,8,28.4,1,FALSE,0,,0.1012,"NAT_GAS","FH_NCG","CST_COAL_06",0.44657
"RHEINHAF_1","FAST","D-192",195.3,355,10.64667,10.64667,8,4,195.3,1,FALSE,0,,0.0372,"NAT_GAS","FH_NCG","CCGT_NAT_GAS_08",0.52875
"EEMS_3","FAST","NL-1",194.7,354,10.62,10.62,8,4,194.7,1,FALSE,256.5506,,0.0372,"NAT_GAS","FH_TTF","CCGT_NAT_GAS_07",0.53976
"HARCULO_60","FAST","NL-10",28.2,353,3.53,3.53,12,8,28.2,1,FALSE,417.9347,,0.1012,"NAT_GAS","FH_TTF","GST_NAT_GAS_06",0.53169
"EEMS_5","FAST","NL-1",193.6,352,10.56,10.56,8,4,193.6,1,FALSE,255.1011,,0.0372,"NAT_GAS","FH_TTF","CCGT_NAT_GAS_07",0.333
"BUSCH_1","SLOW","D-22",140,350,3.5,3.5,24,12,140,1,FALSE,0,15424.78665,0.0601,"LIGNITE","FH_GERMANY","GST_FUELOIL_1_02",0.96837
"SPE_CCGT_GENT_RINGVAART","FAST","B-6",192.5,350,10.5,10.5,8,4,192.5,1,FALSE,0,,0.0372,"NAT_GAS","FH_ZGH","CCGT_NAT_GAS_08",0.47792
"STGHISLAIN","FAST","B-12Avel",192.5,350,10.5,10.5,8,4,192.5,1,FALSE,255.566,,0.0372,"NAT_GAS","FH_ZGH","CCGT_NAT_GAS_02",0.44372
"EEMS_7","FAST","NL-1",192,349,10.46667,10.46667,8,4,192,1,FALSE,252.927,,0.0372,"NAT_GAS","FH_TTF","CCGT_NAT_GAS_07",0.45482
"EEMS_4","FAST","NL-1",190.9,347,10.40667,10.40667,8,4,190.9,1,FALSE,251.4775,,0.0372,"NAT_GAS","FH_TTF","CCGT_NAT_GAS_07",0.37835
"EEMS_6","FAST","NL-1",190.9,347,10.40667,10.40667,8,4,190.9,1,FALSE,251.4775,,0.0372,"NAT_GAS","FH_TTF","CCGT_NAT_GAS_07",0.7834
"FARGE","SLOW","D-26",138,345,6.9,6.9,24,12,138,1,FALSE,0,,0.1118,"COAL","FH_ARA","CST_COAL_15",0.92398
"KNEPPER_C","SLOW","D-100",138,345,3.45,3.45,24,12,138,1,FALSE,333.7875,,0.1118,"COAL","FH_ARA","CHP_NAT_GAS_06",0.92293
"MEHRUM_1BIS","SLOW","D-49",138,345,6.9,6.9,24,12,138,1,FALSE,0,,0.1118,"COAL","FH_ARA","GST_FUELOIL_1_02",0.73124
"SCHOLVEN_B","SLOW","D-102",138,345,6.9,6.9,24,12,138,1,FALSE,0,,0.1118,"COAL","FH_ARA","CHP_COAL_01",1.67057
"SCHOLVEN_C","SLOW","D-102",138,345,6.9,6.9,24,12,138,1,FALSE,0,,0.1118,"COAL","FH_ARA","CHP_COAL_01",1.03285
"SCHOLVEN_D","SLOW","D-102",124.5,345,6.9,6.9,24,12,124.5,1,FALSE,0.0037,,0.1118,"COAL","FH_ARA","CHP_COAL_01",0.99954
"SCHOLVEN_E","SLOW","D-102",138,345,6.9,6.9,24,12,138,1,FALSE,0,,0.1118,"COAL","FH_ARA","CHP_COAL_01",1.09878
"DURNROHR_EVN","SLOW","A-2",27,338,3.38,3.38,12,8,27,1,FALSE,0,,0.1012,"NAT_GAS","FH_AUSTRIA","CST_LIGNITE_09",0.44236
"MAINZ","FAST","D-177",184.3,335,10.04667,10.04667,8,4,184.3,1,FALSE,244.6132,,0.0372,"NAT_GAS","FH_NCG","CCGT_NAT_GAS_02",0.44635
"VELTHEIM_4","FAST","D-91",26.8,335,6.7,6.7,12,8,26.8,1,FALSE,288.1,,0.1012,"NAT_GAS","FH_NCG","GST_NAT_GAS_07",0.44834
"LUNEN","SLOW","D-100",133.2,333,6.66,6.66,24,12,133.2,1,FALSE,330.4385,,0.1118,"COAL","FH_ARA","CST_COAL_11",0.93823
"CARLING_5","SLOW","F-41",132,330,3.3,3.3,24,12,132,1,FALSE,481.6216,17142.32975,0.1118,"COAL","FH_FRANCE","CST_COAL_16",0.94
"VOITSBERG","SLOW","A-22",132,330,3.3,3.3,24,12,132,1,FALSE,0,,0.0601,"LIGNITE","FH_AUSTRIA","BIOMASSOTHER_05",0.9682
"MEHRUM_1","SLOW","D-49",130.8,327,6.54,6.54,24,12,130.8,1,FALSE,0,,0.1118,"COAL","FH_ARA","GST_FUELOIL_1_02",0.94529
"Voerde_West_2","SLOW","D-100",128.8,322,6.44,6.44,24,12,128.8,1,FALSE,0,,0.1118,"COAL","FH_ARA","CHP_COAL_01",0.97125
"NORD_SUD","SLOW","D-137",128,320,6.4,6.4,24,12,128,1,FALSE,0,,0.1118,"COAL","FH_ARA","CHP_COAL_01",1.08636
"Voerde_West_1","SLOW","D-100",127.6,319,6.38,6.38,24,12,127.6,1,FALSE,0,,0.1118,"COAL","FH_ARA","CHP_COAL_01",0.9105
"ELVERL_4","SLOW","D-120",124,310,6.2,6.2,24,12,124,1,FALSE,0,,0.1118,"COAL","FH_ARA","CHP_COAL_01",1.07746
"LAUSWARD_1","FAST","D-108",167.8,305,9.14667,9.14667,8,4,167.8,1,FALSE,0,,0.0372,"NAT_GAS","FH_NCG","CCGT_NAT_GAS_08",0.47241
"SIDMAR","FAST","B-2",280,305,1.66667,1.66667,12,8,280,1,FALSE,0,,0.1012,"BLAST_GAS","FH_BELGIUM","GST_BLAST_GAS_01",0.49332
"HUCKINGEN_1","FAST","D-126",24,300,3,3,12,8,24,1,FALSE,297.6923,,0.1012,"NAT_GAS","FH_NCG","CST_COAL_11",0.63705
"HUCKINGEN_2","FAST","D-126",24,300,3,3,12,8,24,1,FALSE,297.6923,,0.1012,"NAT_GAS","FH_NCG","CST_COAL_11",0.51334
"NEURATH_1","SLOW","D-136",120,300,3,3,24,12,120,1,FALSE,462.8571,,0.0601,"LIGNITE","FH_GERMANY","CST_LIGNITE_07",0.84984
"NEURATH_2","SLOW","D-136",120,300,3,3,24,12,120,1,FALSE,331.7143,,0.0601,"LIGNITE","FH_GERMANY","GST_NAT_GAS_02",1.0014
"NEURATH_3","SLOW","D-136",120,300,3,3,24,12,120,1,FALSE,331.7143,,0.0601,"LIGNITE","FH_GERMANY","GST_NAT_GAS_02",0.81693
"NIEDERAUS_C","SLOW","D_Rommer",120,300,3,3,24,12,120,1,FALSE,341.4706,,0.0601,"LIGNITE","FH_GERMANY","CST_LIGNITE_10",1.05686
"NIEDERAUS_D","SLOW","D_Rommer",120,300,3,3,24,12,120,1,FALSE,341.4706,,0.0601,"LIGNITE","FH_GERMANY","CST_LIGNITE_10",0.87379
"NIEDERAUS_E","SLOW","D_Rommer",120,300,3,3,24,12,120,1,FALSE,462.8571,,0.0601,"LIGNITE","FH_GERMANY","CST_LIGNITE_07",1.00144
"NIEDERAUS_F","SLOW","D_Rommer",120,300,3,3,24,12,120,1,FALSE,331.7143,,0.0601,"LIGNITE","FH_GERMANY","GST_NAT_GAS_02",1.03863
"WEISWEI_E","SLOW","D-136",120,300,3,3,24,12,120,1,FALSE,0,,0.0601,"LIGNITE","FH_GERMANY","GST_FUELOIL_1_02",0.77445
"WEISWEI_F","SLOW","D-136",120,300,3,3,24,12,120,1,FALSE,0,,0.0601,"LIGNITE","FH_GERMANY","GST_FUELOIL_1_02",0.82309
"AHAUS_1","FAST","D-95",164.8,299.6,8.98667,8.98667,8,4,164.8,1,FALSE,305.2528,8203.99198,0.0372,"NAT_GAS","FH_NCG","CCGT_NAT_GAS_24",0.429
"AHAUS_2","FAST","D-95",164.8,299.6,8.98667,8.98667,8,4,164.8,1,FALSE,0,8203.99198,0.0372,"NAT_GAS","FH_NCG","CCGT_NAT_GAS_08",0.4868
"NIEHL","FAST","D-126",23.6,295,2.95,2.95,12,8,23.6,1,FALSE,285.4125,,0.0942,"NAT_GAS","FH_NCG","CHP_NAT_GAS_06",0.63215
"AWIRS_5","FAST","B-15",23.5,294,2.94,2.94,12,8,23.5,1,FALSE,0,16267.29631,0.0942,"NAT_GAS","FH_ZGH","GST_NAT_GAS_08",0.52595
"RUIEN_6","FAST","B-6",23.5,294,2.94,2.94,12,8,23.5,1,FALSE,411.1888,,0.0942,"NAT_GAS","FH_ZGH","GST_NAT_GAS_09",0.42005
"SCHWAN_D","SLOW","D-192",116.8,292,5.84,5.84,24,12,116.8,1,FALSE,492.75,,0.0601,"LIGNITE","FH_GERMANY","CST_LIGNITE_11",1.0304
"RUIEN_5A","SLOW","B-6",23.2,290,2.9,2.9,12,8,23.2,1,FALSE,0,,0.0942,"NAT_GAS","FH_ZGH","CST_LIGNITE_09",0.4534
"FRIMM_Q","SLOW","D-126",114,285,2.85,2.85,24,12,114,1,FALSE,0,,0.0601,"LIGNITE","FH_GERMANY","GST_FUELOIL_1_02",1.0049
"ENSDORF_3","SLOW","D-162",112.8,282,2.82,2.82,24,12,112.8,1,FALSE,0,,0.0902,"COAL","FH_ARA","CHP_COAL_01",0.9135
"OFFLEBEN","SLOW","D-58",112,280,5.6,5.6,24,12,112,1,FALSE,338.625,,0.0601,"LIGNITE","FH_GERMANY","CST_LIGNITE_12",0.89618
"HAFEN","SLOW","D-154",109.4,273.4,5.468,5.468,24,12,109.4,1,FALSE,278.4363,,0.0902,"COAL","FH_ARA","CST_COAL_07",0.92714
"WESTFALEN_C","SLOW","D-104",106,265,2.65,2.65,24,12,106,1,FALSE,0,,0.0902,"COAL","FH_ARA","CST_COAL_03",1.00927
"LANGERLO_1A_EON","SLOW","B_meerho",20.6,258,2.58,2.58,12,8,20.6,1,FALSE,339.8049,,0.0942,"NAT_GAS","FH_ZGH","CST_NAT_GAS_02",0.43734
"LANGERLO_2A_EON","SLOW","B_meerho",20.6,258,2.58,2.58,12,8,20.6,1,FALSE,243.5268,,0.0942,"BIOMASS","FH_BIO_LANGERLO_2A","CST_LIGNITE_05",0.03232
"DUISBURG_Th_Kr","FAST","D-100",76.5,255,5.1,5.1,6,8,76.5,1,FALSE,0,,0.0942,"OTHER_GAS","FH_GERMANY","CST_COAL_06",0.33645
"DUNKERQUE_DK6_GST","FAST","F-1",20.4,255,5.1,5.1,12,8,20.4,1,FALSE,177.5549,,0.0942,"BLAST_GAS","FH_FRANCE","CCGT_NAT_GAS_11",0.60429
"ROSTOCK","SLOW","D-5",102,255,5.1,5.1,24,12,102,1,FALSE,229.5,,0.0902,"COAL","FH_ARA","CHP_NAT_GAS_09",0.96573
"LUCY_3","SLOW","F-174",100.8,252,2.52,2.52,24,12,100.8,1,FALSE,406.3302,,0.0902,"COAL","FH_FRANCE","CST_COAL_17",1.04976
"MANNHEIM_GKM_6","SLOW","D-177",100.8,252,5.04,5.04,24,12,100.8,1,FALSE,0,,0.0902,"COAL","FH_ARA","CHP_COAL_01",0.92686
"BLENOD_2","SLOW","F-63",100,250,2.5,2.5,24,12,100,1,FALSE,274.0793,12085.19641,0.0902,"COAL","FH_FRANCE","CST_COAL_18",1.00182
"BLENOD_3","SLOW","F-63",100,250,2.5,2.5,24,12,100,1,FALSE,252.9412,12085.19641,0.0902,"COAL","FH_FRANCE","CST_COAL_19",1.05274
"BLENOD_4","SLOW","F-63",100,250,2.5,2.5,24,12,100,1,FALSE,250.3827,12085.19641,0.0902,"COAL","FH_FRANCE","CST_COAL_20",0.91298
"BOUCHAIN_1","SLOW","F-10",100,250,2.5,2.5,24,12,100,1,FALSE,276.4286,12085.19641,0.0902,"COAL","FH_FRANCE","GST_NAT_GAS_02",1.0187
"GARDANNE_4","SLOW","F-282",100,250,2.5,2.5,24,12,100,1,FALSE,284.5588,,0.0902,"COAL","FH_FRANCE","CST_LIGNITE_10",0.9107
"HERNE_3","SLOW","D-104",100,250,2.5,2.5,24,12,100,1,FALSE,385.7143,,0.0902,"COAL","FH_ARA","CST_LIGNITE_06",1.34866
"LAMAXE_1","SLOW","F-63",100,250,2.5,2.5,24,12,100,1,FALSE,255.5468,,0.0902,"COAL","FH_FRANCE","CST_COAL_21",0.87314
"LAMAXE_2","SLOW","F-63",100,250,2.5,2.5,24,12,100,1,FALSE,251.6909,,0.0902,"COAL","FH_FRANCE","CST_COAL_22",0.965
"LEHAVRE_1","SLOW","F-32",100,250,2.5,2.5,24,12,100,1,FALSE,263.624,,0.0902,"COAL","FH_FRANCE","CST_COAL_23",0.94428
"LUNEN_TER","FAST","D-100",137.5,250,7.5,7.5,8,4,137.5,1,FALSE,0,,0.0372,"NAT_GAS","FH_NCG","CCGT_NAT_GAS_08",0.46977
"MARTIGUES_1","FAST","F-283",20,250,2.5,2.5,12,8,20,1,FALSE,351.1967,,0.097,"FUELOIL_1","FH_ARA","GST_FUELOIL_1_03",0.67957
"MARTIGUES_2","FAST","F-283",20,250,2.5,2.5,12,8,20,1,FALSE,251.2334,,0.097,"FUELOIL_1","FH_ARA","GST_FUELOIL_1_04",0.90077
"MARTIGUES_3","FAST","F-283",20,250,2.5,2.5,12,8,20,1,FALSE,350.013,,0.097,"FUELOIL_1","FH_ARA","GST_FUELOIL_1_05",0.79184
"VITRY_3","SLOW","F-59",100,250,2.5,2.5,24,12,100,1,FALSE,385.7143,,0.0902,"COAL","FH_FRANCE","CST_LIGNITE_06",1.45765
"VITRY_5","SLOW","F-59",100,250,2.5,2.5,24,12,100,1,FALSE,0,,0.0902,"COAL","FH_FRANCE","CST_COAL_24",1.04612
"DUISBURG_WAIII","FAST","D-100",132,240,7.2,7.2,8,4,132,1,FALSE,175.2453,,0.0372,"NAT_GAS","FH_NCG","CCGT_NAT_GAS_02",0.46864
"HORNAING_3","SLOW","F-6Aveli",96,240,2.4,2.4,24,12,96,1,FALSE,0,,0.0902,"COAL","FH_FRANCE","CHP_COAL_04",1.05966
"ALTBACH_3","FAST","D-189",130.9,238,7.14,7.14,8,4,130.9,1,FALSE,0,6517.18989,0.0372,"NAT_GAS","FH_NCG","CCGT_NAT_GAS_08",0.45921
"VELTHEIM_3","SLOW","D-91",95.2,238,4.76,4.76,24,12,95.2,1,FALSE,248.9351,,0.0902,"COAL","FH_ARA","CST_COAL_04",1.02013
"Hannover_Linden","FAST","D-21",126.5,230,6.9,6.9,8,4,126.5,1,FALSE,0,,0.0372,"NAT_GAS","FH_NCG","CCGT_NAT_GAS_05",0.49725
"RUHRORT","FAST","D_Rommer",118.8,216,6.48,6.48,8,4,118.8,1,FALSE,157.7208,,0.0372,"NAT_GAS","FH_NCG","CCGT_NAT_GAS_02",0.44468
"HAGEN_KABEL","FAST","D-120",118.3,215,6.44667,6.44667,8,4,118.3,1,FALSE,169.8061,,0.0372,"NAT_GAS","FH_NCG","CCGT_NAT_GAS_25",0.53545
"RODENHUIZE_MAX_GREEN","FAST","B-6",17.2,215,4.3,4.3,12,8,17.2,1,FALSE,237.7286,,0.0942,"BIOMASS","FH_ARA","GST_NAT_GAS_02",0.02288
"MANNHEIM_GKM_3","SLOW","D-177",80.8,202,4.04,4.04,24,12,80.8,1,FALSE,0,,0.0902,"COAL","FH_ARA","CHP_COAL_01",0.91046
"MANNHEIM_GKM_4","SLOW","D-177",78,195,3.9,3.9,24,12,78,1,FALSE,0,,0.0685,"COAL","FH_ARA","CHP_COAL_01",1.06448
"ERLANGEN_1","SLOW","D-170",77.6,194,3.88,3.88,24,12,77.6,1,FALSE,0,,0.0685,"COAL","FH_ARA","CHP_COAL_01",0.75383
"ERLANGEN_2","SLOW","D-170",77.6,194,3.88,3.88,24,12,77.6,1,FALSE,0,,0.0685,"COAL","FH_ARA","CHP_COAL_01",1.02146
"ELVERL_3","SLOW","D-120",74,185,3.7,3.7,24,12,74,1,FALSE,0,,0.0685,"COAL","FH_ARA","CHP_COAL_01",0.95142
"KIRCHMOS","FAST","D-41",98.3,178.75,5.36333,5.36333,8,4,98.3,1,FALSE,130.5212,,0.0372,"NAT_GAS","FH_NCG","CCGT_NAT_GAS_02",0.54372
"IBBENBUREN2","SLOW","D-95",68,170,1.7,1.7,24,12,68,1,FALSE,177.8108,,0.0685,"COAL","FH_ARA","CST_COAL_04",0.94308
"RICHEMONT","FAST","F-63",50.1,167,1.67,1.67,6,8,50.1,1,FALSE,174.7202,,0.0685,"OTHER_GAS","FH_FRANCE","GST_OTHER_GAS_02",0.44802
"RIEDERSBACH_2","SLOW","A-35",66,165,1.65,1.65,24,12,66,1,FALSE,159.6375,,0.0685,"COAL","FH_AUSTRIA","CHP_NAT_GAS_06",0.9321
"KREFELD","SLOW","D-100",65.2,163,3.26,3.26,24,12,65.2,1,FALSE,0,,0.0685,"COAL","FH_ARA","CHP_COAL_01",1.53393
"HAST_2","FAST","D-36",13,162,3.24,3.24,12,8,13,1,FALSE,130.6125,,0.0685,"NAT_GAS","FH_NCG","GST_NAT_GAS_05",0.4827
"THEISS_4","FAST","A-3",13,162,1.62,1.62,12,8,13,1,FALSE,0,,0.0685,"NAT_GAS","FH_AUSTRIA","GST_NAT_GAS_10",0.4794
"MITTELSB_4","FAST","D-32",12.8,160,3.2,3.2,12,8,12.8,1,FALSE,129,,0.0685,"NAT_GAS","FH_NCG","GST_NAT_GAS_05",0.64016
"WESTFALEN_A","SLOW","D-104",60.8,152,1.52,1.52,24,12,60.8,1,FALSE,154.8,,0.0685,"COAL","FH_ARA","CST_COAL_07",1.54636
"WESTFALEN_B","SLOW","D-104",60.8,152,1.52,1.52,24,12,60.8,1,FALSE,216,,0.0685,"COAL","FH_ARA","CST_COAL_25",0.87695
"KORNEUBURG_2","FAST","A-1",82.5,150,4.5,4.5,8,4,82.5,1,FALSE,0,,0.0372,"NAT_GAS","FH_AUSTRIA","CCGT_NAT_GAS_08",0.32804
"LUNEN_6","SLOW","D-100",57.2,143,2.86,2.86,24,12,57.2,1,FALSE,158.1171,,0.0685,"COAL","FH_ARA","GST_NAT_GAS_02",0.98903
"BIOMASS_AT","SLOW","A-30",11.2,140,1.4,1.4,12,8,11.2,1,FALSE,0,4900,0.0685,"BIOMASS","FH_AUSTRIA","CST_BIOMASS_02",-0.05984
"HERNE_2","SLOW","D-104",53.2,133,1.33,1.33,24,12,53.2,1,FALSE,147.06,,0.0685,"COAL","FH_ARA","GST_NAT_GAS_02",0.9606
"AFFERDE","SLOW","D-66",52.8,132,2.64,2.64,24,12,52.8,1,FALSE,192.6486,6581.257243,0.0685,"COAL","FH_ARA","CST_COAL_16",1.27955
"RUIEN_3","SLOW","B-6",10.4,130,1.3,1.3,12,8,10.4,1,FALSE,0,,0.0685,"BIOMASS","FH_BIO_RUIEN_3","CHP_COAL_01",0.02288
"LEUNA_1","FAST","D-91",71,129.1,3.87333,3.87333,8,4,71,1,FALSE,131.5358,,0.0372,"NAT_GAS","FH_NCG","CCGT_NAT_GAS_09",0.73352
"WALSUM_7","SLOW","D-126",51.6,129,2.58,2.58,24,12,51.6,1,FALSE,0,,0.0685,"COAL","FH_ARA","BIOMASSOTHER_05",1.37664
"HAFEN_BIS","SLOW","D-154",51,127.6,2.552,2.552,24,12,51,1,FALSE,170.28,,0.0685,"COAL","FH_ARA","CST_COAL_26",0.87695
"ROSTOCK_BIS","SLOW","D-5",50,125,2.5,2.5,24,12,50,1,FALSE,0,,0.0685,"COAL","FH_ARA","CST_LIGNITE_02",1.01691
"ROSTOCK_TER","SLOW","D-5",50,125,2.5,2.5,24,12,50,1,FALSE,0,,0.0685,"COAL","FH_ARA","CST_LIGNITE_02",0.99612
"RUIEN_4","SLOW","B-6",9.8,122,1.22,1.22,12,8,9.8,1,FALSE,0,,0.0685,"BIOMASS","FH_BIO_RUIEN_4","NUCLEAR_02",-0.06571
"CARLING_4","SLOW","F-41",46,115,1.15,1.15,24,12,46,1,FALSE,174.9296,5733.671083,0.0685,"COAL","FH_FRANCE","CST_COAL_27",0.97657
"WALHEIM_2BIS","SLOW","D-189",45.6,114,2.28,2.28,24,12,45.6,1,FALSE,166.3784,,0.0685,"COAL","FH_ARA","CHP_COAL_02",1.03831
"DATTELN_3","SLOW","D-100",45.2,113,2.26,2.26,24,12,45.2,1,FALSE,141.0677,5869.949277,0.0685,"COAL","FH_ARA","CST_COAL_28",1.4452
"KIRCHLENG","FAST","D-65",9,113,2.26,2.26,12,8,9,1,FALSE,84.9311,,0.0685,"NAT_GAS","FH_NCG","CHP_NAT_GAS_10",0.50373
"LINZMITTE_II","FAST","A-5",61.6,112,3.36,3.36,8,4,61.6,1,FALSE,108.2707,,0.0372,"NAT_GAS","FH_AUSTRIA","CCGT_NAT_GAS_03",0.45554
"MERKENICH","FAST","D-111",8.9,111,2.22,2.22,12,8,8.9,1,FALSE,0,,0.0685,"NAT_GAS","FH_NCG","GST_NAT_GAS_11",0.46789
"HEILBRONN_5","SLOW","D-176",44,110,2.2,2.2,24,12,44,1,FALSE,160.5405,,0.0685,"COAL","FH_ARA","CST_COAL_16",1.05318
"HEILBRONN_6","SLOW","D-176",44,110,2.2,2.2,24,12,44,1,FALSE,169.7143,,0.0685,"COAL","FH_ARA","CST_LIGNITE_06",0.91856
"MITTELSB_3","FAST","D-32",8.8,110,2.2,2.2,12,8,8.8,1,FALSE,123.75,,0.0685,"NAT_GAS","FH_NCG","GST_NAT_GAS_12",0.45328
"NEUDORF_1","SLOW","A-22",44,110,1.1,1.1,24,12,44,1,FALSE,121.6286,,0.0685,"COAL","FH_AUSTRIA","GST_NAT_GAS_02",1.00401
"SCHW_PUMP_2BIS","FAST","D-62",60,109,3.26667,3.26667,8,4,60,1,FALSE,0,,0.0372,"NAT_GAS","FH_NCG","CCGT_NAT_GAS_08",0.39424
"ENSDORF_1","SLOW","D-162",42,105,1.05,1.05,24,12,42,1,FALSE,0,,0.0685,"COAL","FH_ARA","NUCLEAR_02",1.04702
"LAUSWARD_3","FAST","D-108",56.7,103,3.08667,3.08667,8,4,56.7,1,FALSE,113.8886,,0.0372,"NAT_GAS","FH_NCG","GST_NAT_GAS_02",0.53146
"Hamborn_4","FAST","D-126",30.6,102,2.04,2.04,6,8,30.6,1,FALSE,0,,0.0685,"OTHER_GAS","FH_GERMANY","CST_COAL_06",0.51095
"AHAUS_3","FAST","D-95",55.2,100.4,3.01333,3.01333,8,4,55.2,1,FALSE,0,2749.26834,0.0372,"NAT_GAS","FH_NCG","CCGT_NAT_GAS_08",0.30715
"AHAUS_4","FAST","D-95",55.2,100.4,3.01333,3.01333,8,4,55.2,1,FALSE,0,2749.26834,0.0372,"NAT_GAS","FH_NCG","CCGT_NAT_GAS_08",0.42636
"LINZMITTE","FAST","A-5",33,100,2,2,8,4,33,1,FALSE,100.0011,,0.0372,"NAT_GAS","FH_AUSTRIA","CCGT_NAT_GAS_26",0.45727
"AWIRS_4","SLOW","B-15",7.6,95,0.95,0.95,12,8,7.6,1,FALSE,142.5,8302.837604,0.0993,"BIOMASS","FH_BIO_AWIRS_4","NUCLEAR_01",-0.15028
"DATTELN_1","SLOW","D-100",38,95,1.9,1.9,24,12,38,1,FALSE,165.4839,4934.913109,0.0621,"COAL","FH_ARA","CST_COAL_29",0.96089
"DATTELN_2","SLOW","D-100",38,95,1.9,1.9,24,12,38,1,FALSE,0,4934.913109,0.0621,"COAL","FH_ARA","CHP_COAL_04",0.94516
"WEDEL_1","SLOW","D-16",38,95,1.9,1.9,24,12,38,1,FALSE,91.9125,,0.0621,"COAL","FH_ARA","CHP_NAT_GAS_06",1.03754
"MUNSTER_1","FAST","D-159",7.2,90,1.8,1.8,12,8,7.2,1,FALSE,97.2,,0.0993,"NAT_GAS","FH_NCG","GST_NAT_GAS_13",0.48788
"BERRENRATH","SLOW","D-126",35.2,88,0.88,0.88,24,12,35.2,1,FALSE,0,3779.859674,0.0601,"LIGNITE","FH_GERMANY","BIOMASSOTHER_05",0.9544
"FORTUNA_NORD","SLOW","D_Siersd",32.8,82,0.82,0.82,24,12,32.8,1,FALSE,0,,0.0601,"LIGNITE","FH_GERMANY","BIOMASSOTHER_05",0.90593
"BARMEN","FAST","D-111",44.6,81,2.42667,2.42667,8,4,44.6,1,FALSE,0,2218.035215,0.0372,"NAT_GAS","FH_NCG","GT_NAT_GAS_08",0.43448
"WALHEIM_3BIS","SLOW","D-189",30.7,76.7,1.534,1.534,24,12,30.7,1,FALSE,111.9405,,0.0621,"COAL","FH_ARA","CHP_COAL_02",1.07015
"ELVERL_1","FAST","D-120",6,75,1.5,1.5,12,8,6,1,FALSE,0,,0.0993,"NAT_GAS","FH_NCG","GST_FUELOIL_1_02",0.45528
"ELVERL_2","FAST","D-120",6,75,1.5,1.5,12,8,6,1,FALSE,0,,0.0993,"NAT_GAS","FH_NCG","GST_FUELOIL_1_02",0.52765
"GERA","FAST","D-125",5.9,74,2.22,2.22,12,8,5.9,1,FALSE,0,,0.0993,"NAT_GAS","FH_NCG","CCGT_NAT_GAS_08",0.46741
"WEISWEILER_CST","SLOW","D_Rommer",29.6,74,1.48,1.48,24,12,29.6,1,FALSE,89.396,,0.0601,"LIGNITE","FH_GERMANY","CST_LIGNITE_13",1.0153
"LICHTENB","FAST","D-41",5.8,72,1.44,1.44,12,8,5.8,1,FALSE,0,,0.0993,"NAT_GAS","FH_NCG","CHP_NAT_GAS_12",0.51949
"BUER","SLOW","D-126",28,70,1.4,1.4,24,12,28,1,FALSE,108,3636.251765,0.0621,"COAL","FH_ARA","CST_LIGNITE_07",1.07295
"ANGLEUR_TGV3","FAST","B-11",5.1,64,0.64,0.64,12,8,5.1,1,FALSE,54.3515,3871.126193,0.0993,"NAT_GAS","FH_ZGH","GST_NAT_GAS_14",0.44698
"GERSTEINWERK_H","FAST","D-66",4.4,55,0.55,0.55,12,8,4.4,1,FALSE,50.6786,,0.0993,"NAT_GAS","FH_NCG","CHP_FUELOIL_1_01",0.42662
"Bielefeld","SLOW","D-49",21.6,54,1.08,1.08,24,12,21.6,1,FALSE,0,2692.332508,0.0621,"COAL","FH_ARA","CHP_COAL_06",1.11002
"SPE_GENT_HAM","FAST","B-6",4.2,52,0.52,0.52,12,8,4.2,1,FALSE,0,,0.0993,"NAT_GAS","FH_ZGH","GST_NAT_GAS_15",0.51858
"RIEDERSBACH_1","SLOW","A-35",4,50,0.5,0.5,12,8,4,1,FALSE,0,,0.0523,"FUELOIL_1","FH_WEST_MED","GST_FUELOIL_1_02",0.82245
"ANGLEUR_TGV1","FAST","B-11",3.7,46,0.46,0.46,12,8,3.7,1,FALSE,0,2782.371951,0.0993,"NAT_GAS","FH_ZGH","GST_NAT_GAS_16",0.44806
"WALHEIM_2","SLOW","D-189",15.6,39,0.78,0.78,24,12,15.6,1,FALSE,0,,0.0621,"COAL","FH_ARA","BIOMASSOTHER_05",0.96265
"BIELEFELD_GuD","FAST","D-49",18.7,34,1.02,1.02,8,4,18.7,1,FALSE,23.8802,931.0271272,0.0372,"NAT_GAS","FH_NCG","CCGT_NAT_GAS_27",0.40016
"WALHEIM_3","SLOW","D-189",10.5,26.3,0.526,0.526,24,12,10.5,1,FALSE,33.927,,0.0621,"COAL","FH_ARA","CHP_LIGNITE_02",1.01998
"BUSCH_2","SLOW","D-22",10.4,26,1.04,1.04,24,12,10.4,1,FALSE,35.1,0,0.0601,"LIGNITE","FH_GERMANY","CCGT_NAT_GAS_19",1.05612
"GLUCKSTADT","SLOW","D-12",5.6,14,0.28,0.28,24,12,5.6,1,FALSE,0,,0.0621,"COAL","FH_ARA","CST_LIGNITE_09",0.97032
"VAIRES_S_MARNE","FAST","F-59",88.8,370,18.5,18.5,2,2,370,1,TRUE,0,,0.084,"GASOIL","FH_NWE","NUCLEAR_03",0.85467
"GENERIC_GT_D107","FAST","D-107",69.6,290,14.5,14.5,2,2,290,1,TRUE,447.4286,,0.0942,"NAT_GAS","FH_NCG","GT_NAT_GAS_01",0.42519
"GENERIC_GT_D116","FAST","D-116",69.6,290,14.5,14.5,2,2,290,1,TRUE,447.4286,,0.0942,"NAT_GAS","FH_NCG","GT_NAT_GAS_02",0.52793
"GENERIC_GT_D129","FAST","D-129",69.6,290,14.5,14.5,2,2,290,1,TRUE,447.4286,,0.0942,"NAT_GAS","FH_NCG","CST_LIGNITE_06",0.44533
"GENERIC_GT_D134","FAST","D-134",69.6,290,14.5,14.5,2,2,290,1,TRUE,447.4286,,0.0942,"NAT_GAS","FH_NCG","GT_NAT_GAS_03",0.4883
"GENERIC_GT_D142","FAST","D-142",69.6,290,14.5,14.5,2,2,290,1,TRUE,447.4286,,0.0942,"NAT_GAS","FH_NCG","GT_NAT_GAS_02",0.47981
"GENERIC_GT_D142_I","FAST","D-142",69.6,290,14.5,14.5,2,2,290,1,TRUE,447.4286,,0.0942,"NAT_GAS","FH_NCG","GT_NAT_GAS_02",0.47867
"GENERIC_GT_D142_II","FAST","D-142",69.6,290,14.5,14.5,2,2,290,1,TRUE,447.4286,,0.0942,"NAT_GAS","FH_NCG","GT_NAT_GAS_04",0.67898
"GENERIC_GT_D20_I","FAST","D-20",69.6,290,14.5,14.5,2,2,290,1,TRUE,447.4286,,0.0942,"NAT_GAS","FH_NCG","GT_NAT_GAS_05",0.49662
"GENERIC_GT_D81_I","FAST","D-81",69.6,290,14.5,14.5,2,2,290,1,TRUE,447.4286,,0.0942,"NAT_GAS","FH_NCG","GT_NAT_GAS_06",0.50361
"GENERIC_GT_D90","FAST","D-90",69.6,290,14.5,14.5,2,2,290,1,TRUE,447.4286,,0.0942,"NAT_GAS","FH_NCG","GT_NAT_GAS_07",0.53399
"HUNTORF","FAST","D-18",69.6,290,14.5,14.5,2,2,290,1,TRUE,447.4286,,0.084,"NAT_GAS","FH_NCG","CST_LIGNITE_06",0.49527
"THEISS_5","FAST","A-3",60,250,12.5,12.5,2,2,250,1,TRUE,337.5,,0.0945,"GASOIL","FH_NWE","GST_GASOIL_03",0.79094
"AHRENSF_1","FAST","D-38",50.9,212,10.6,10.6,2,2,212,1,TRUE,0,3685.22797,0.084,"NAT_GAS","FH_NCG","GT_NAT_GAS_08",0.51838
"CHARL_BURG","FAST","D-38",50.9,212,10.6,10.6,2,2,212,1,TRUE,205.4181,3685.22797,0.084,"NAT_GAS","FH_NCG","GT_NAT_GAS_09",0.42986
"GENERIC_GT_D101","FAST","D-101",50.9,212,10.6,10.6,2,2,212,1,TRUE,0,,0.0942,"NAT_GAS","FH_NCG","GT_NAT_GAS_08",0.52853
"GENERIC_GT_D112","FAST","D-112",50.9,212,10.6,10.6,2,2,212,1,TRUE,0,,0.0942,"NAT_GAS","FH_NCG","GT_NAT_GAS_10",0.37347
"GENERIC_GT_D20_II","FAST","D-20",50.9,212,10.6,10.6,2,2,212,1,TRUE,0,,0.0942,"NAT_GAS","FH_NCG","GT_NAT_GAS_11",0.47518
"GENERIC_GT_D81_II","FAST","D-81",50.9,212,10.6,10.6,2,2,212,1,TRUE,0,,0.0942,"NAT_GAS","FH_NCG","GT_NAT_GAS_08",0.48213
"GENERIC_GT_Aubang_I","FAST","B-13",48.7,203,10.15,10.15,2,2,203,1,TRUE,0,,0.0942,"NAT_GAS","FH_ZGH","BIOMASSOTHER_05",0.42762
"GENERIC_GT_Aubang_II","FAST","B-13",48.7,203,10.15,10.15,2,2,203,1,TRUE,0,,0.0942,"NAT_GAS","FH_ZGH","BIOMASSOTHER_05",0.77003
"GENERIC_GT_Aubang_III","FAST","B-13",48.7,203,10.15,10.15,2,2,203,1,TRUE,0,,0.0942,"NAT_GAS","FH_ZGH","BIOMASSOTHER_05",0.57761
"GENERIC_GT_B_Aubang_I","FAST","B_Aubang",48.7,203,10.15,10.15,2,2,203,1,TRUE,0,,0.0942,"NAT_GAS","FH_ZGH","GT_NAT_GAS_12",0.49703
"GENERIC_GT_B_Aubang_II","FAST","B_Aubang",48.7,203,10.15,10.15,2,2,203,1,TRUE,0,,0.0942,"NAT_GAS","FH_ZGH","GT_NAT_GAS_13",0.48919
"GENERIC_GT_B13_I","FAST","B-13",48.7,203,10.15,10.15,2,2,203,1,TRUE,0,,0.0942,"NAT_GAS","FH_ZGH","BIOMASSOTHER_05",0.45129
"GENERIC_GT_B13_II","FAST","B-13",48.7,203,10.15,10.15,2,2,203,1,TRUE,0,,0.0942,"NAT_GAS","FH_ZGH","GT_NAT_GAS_14",0.43317
"GENERIC_GT_B13_III","FAST","B-13",48.7,203,10.15,10.15,2,2,203,1,TRUE,0,,0.0942,"NAT_GAS","FH_ZGH","GT_NAT_GAS_15",0.50168
"GENNEVILLIER_GT","FAST","F-59",48.7,203,10.15,10.15,2,2,203,1,TRUE,0,,0.084,"NAT_GAS","FH_PEG_NORD","BIOMASSOTHER_05",0.4696
"MONTEREAU_1","FAST","F-74",44.4,185,9.25,9.25,2,2,185,1,TRUE,0,,0.084,"GASOIL","FH_NWE","NUCLEAR_03",0.76326
"MONTEREAU_2","FAST","F-74",44.4,185,9.25,9.25,2,2,185,1,TRUE,302.7273,,0.084,"GASOIL","FH_NWE","NUCLEAR_05",0.856
"WEISWEILER_GT","FAST","D_Rommer",43.4,181,9.05,9.05,2,2,181,1,TRUE,0,,0.084,"NAT_GAS","FH_NCG","NUCLEAR_03",0.52244
"FLINGERN","FAST","D-126",40.8,170,8.5,8.5,2,2,170,1,TRUE,306,,0.084,"GASOIL","FH_NWE","GT_GASOIL_01",0.80076
"DONAUSTADT_1","FAST","A-4",38.9,162,8.20667,8.20667,2,2,162,1,TRUE,218.7,,0.0685,"NAT_GAS","FH_AUSTRIA","CCGT_NAT_GAS_19",0.48531
"DONAUSTADT_2","FAST","A-4",38.9,162,8.20667,8.20667,2,2,162,1,TRUE,156.735,,0.0685,"NAT_GAS","FH_AUSTRIA","CHP_NAT_GAS_06",0.65169
"FREIMANN","FAST","D-190",38.9,162,8.1,8.1,2,2,162,1,TRUE,164.9842,,0.084,"NAT_GAS","FH_NCG","CST_COAL_07",0.44955
"HEMWEG_7_GT","FAST","NL-4",36,150,7.5,7.5,2,2,150,1,TRUE,0,,0.084,"NAT_GAS","FH_TTF","NUCLEAR_03",0.68907
"TURBOJETS_BE_VLG","FAST","B-2",42,140,1.4,1.4,3,2,140,1,TRUE,0,,0.0666,"GASOIL","FH_NWE","BIOMASSOTHER_07",0.83325
"BRENNILIS_4","FAST","F-85",32.2,134,6.7,6.7,2,2,134,1,TRUE,0,2359.961341,0.084,"NAT_GAS","FH_PEG_NORD","BIOMASSOTHER_05",0.41163
"EEMS_20_GT","FAST","NL-1",31.2,130,6.5,6.5,2,2,130,1,TRUE,0,,0.084,"NAT_GAS","FH_TTF","NUCLEAR_03",0.47371
"LAUSWARD_2","FAST","D-108",31.2,130,6.5,6.5,2,2,130,1,TRUE,94.9245,,0.084,"NAT_GAS","FH_NCG","CCGT_NAT_GAS_02",0.46709
"ARRIGHI_1","FAST","F-74",30.7,128,6.4,6.4,2,2,128,1,TRUE,256,2254.29143,0.084,"NAT_GAS","FH_PEG_NORD","GT_NAT_GAS_16",0.4372
"ARRIGHI_2","FAST","F-74",30.7,128,6.4,6.4,2,2,128,1,TRUE,256,4394.322317,0.084,"GASOIL","FH_NWE","GT_NAT_GAS_16",0.87756
"GENERIC_GT_F236","FAST","F-236",30.7,128,6.4,6.4,2,2,128,1,TRUE,256,,0.0666,"GASOIL","FH_NWE","GT_NAT_GAS_16",0.8898
"GENERIC_GT_F274","FAST","F-274",30.7,128,6.4,6.4,2,2,128,1,TRUE,256,,0.0666,"GASOIL","FH_NWE","GT_NAT_GAS_16",0.72273
"Munchen_Freimann","FAST","D-197",30,125,6.25,6.25,2,2,125,1,TRUE,0,,0.084,"NAT_GAS","FH_NCG","GST_FUELOIL_1_02",0.50996
"VITRY_7","FAST","F-59",30,125,6.25,6.25,2,2,125,1,TRUE,204.5455,,0.084,"NAT_GAS","FH_PEG_NORD","NUCLEAR_05",0.4925
"FLEVO_GT","FAST","NL-8",28.8,120,6,6,2,2,120,1,TRUE,154.8,,0.084,"NAT_GAS","FH_TTF","CHP_LIGNITE_02",0.457
"TIMELKAM_3","FAST","A-6",28.8,120,6,6,2,2,120,1,TRUE,0,,0.084,"FUELOIL_1","FH_WEST_MED","CHP_COAL_04",0.80433
"WALHEIM_1","FAST","D-189",28.8,120,6,6,2,2,120,1,TRUE,0,,0.084,"GASOIL","FH_NWE","GST_GASOIL_01",0.78572
"HAMBURG_TIEFSTACK","FAST","D-21",28.6,119,5.95,5.95,2,2,119,1,TRUE,0,,0.084,"NAT_GAS","FH_NCG","GT_NAT_GAS_17",0.89061
"Gersteinwerk_K_GT","FAST","D-66",26.9,112,1.12,1.12,2,2,112,1,TRUE,90.3,,0.084,"NAT_GAS","FH_NCG","GST_NAT_GAS_05",0.43307
"WELSER_2","SLOW","A-6",26.2,109,5.45,5.45,2,2,109,1,TRUE,0,,0.0685,"WASTE","FH_AUSTRIA","CHP_COAL_04",-0.32554
"SPE_GT_GENT_HAM","FAST","B-6",25,104,5.2,5.2,2,2,104,1,TRUE,114.9943,,0.084,"NAT_GAS","FH_ZGH","GST_NAT_GAS_02",0.49291
"Hoechst_C","FAST","D-148",24,100,5,5,2,2,100,1,TRUE,117.2727,,0.084,"NAT_GAS","FH_NCG","NUCLEAR_04",0.4153
"Darmstadt","FAST","D-177",22.1,92,4.6,4.6,2,2,92,1,TRUE,0,1599.249874,0.084,"NAT_GAS","FH_NCG","GT_NAT_GAS_18",0.53636
"MITTELSB_3_GT","FAST","D-32",21.1,88,4.4,4.4,2,2,88,1,TRUE,0,,0.084,"GASOIL","FH_NWE","CST_COAL_03",0.79476
"ALTBACH_GT2","FAST","D-189",20.9,87,4.35,4.35,2,2,87,1,TRUE,96.1971,1512.33412,0.084,"NAT_GAS","FH_NCG","GST_NAT_GAS_02",0.46059
"AUDORF","FAST","D-12",20.9,87,4.35,4.35,2,2,87,1,TRUE,174,2986.76595,0.084,"GASOIL","FH_NWE","GT_NAT_GAS_16",0.86281
"GENETIC_GT_D20","FAST","D-20",20.9,87,4.35,4.35,2,2,87,1,TRUE,174,,0.0887,"GASOIL","FH_NWE","GT_NAT_GAS_16",0.55875
"Industrie_Hoechst","FAST","D-148",20.9,87,4.35,4.35,2,2,87,1,TRUE,204.2609,,0.084,"WASTE","FH_GERMANY","GT_WASTE_01",0.04642
"ITZEHOE","FAST","D-12",20.9,87,4.35,4.35,2,2,87,1,TRUE,174,,0.084,"GASOIL","FH_NWE","GT_GASOIL_02",0.85132
"HARCULO_60_GT","FAST","NL-10",20.4,85,4.25,4.25,2,2,85,1,TRUE,0,,0.084,"NAT_GAS","FH_TTF","NUCLEAR_03",0.46658
"DROGENBOS_GT","FAST","B-13",18.7,78,3.9,3.9,2,2,78,1,TRUE,104.8125,,0.084,"NAT_GAS","FH_ZGH","GT_NAT_GAS_19",0.50577
"BRENNILIS_2","FAST","F-85",17.5,73,3.65,3.65,2,2,73,1,TRUE,0,2506.136946,0.084,"GASOIL","FH_NWE","GST_GASOIL_01",0.7032
"BRENNILIS_3","FAST","F-85",17.5,73,3.65,3.65,2,2,73,1,TRUE,0,2506.136946,0.084,"GASOIL","FH_NWE","GST_GASOIL_01",0.78665
"DIRINON_1","FAST","F-92",17.5,73,3.65,3.65,2,2,73,1,TRUE,0,,0.084,"FUELOIL_1","FH_ARA","GST_GASOIL_01",0.8814
"DIRINON_2","FAST","F-92",17.5,73,3.65,3.65,2,2,73,1,TRUE,0,,0.084,"FUELOIL_1","FH_ARA","GST_GASOIL_01",0.82978
"SPE_GT_MONSIN","FAST","B-11",16.8,70,3.5,3.5,2,2,70,1,TRUE,0,,0.084,"NAT_GAS","FH_ZGH","GT_NAT_GAS_20",0.47799
"THEISS_1","FAST","A-3",16.8,70,3.5,3.5,2,2,70,1,TRUE,126,,0.084,"NAT_GAS","FH_AUSTRIA","GT_GASOIL_01",0.47207
"THEISS_2","FAST","A-3",16.8,70,3.5,3.5,2,2,70,1,TRUE,0,,0.084,"NAT_GAS","FH_AUSTRIA","CHP_COAL_04",0.61089
"MUNSTER_2","FAST","D-159",16.8,69.9,3.495,3.495,2,2,69.9,1,TRUE,0,,0.084,"GASOIL","FH_NWE","GST_GASOIL_01",0.84636
"ANGLEUR_TG41","FAST","B-11",15.4,64,3.2,3.2,2,2,64,1,TRUE,70.7657,1103.313312,0.084,"NAT_GAS","FH_ZGH","GST_NAT_GAS_02",0.45743
"ANGLEUR_TG42","FAST","B-11",15.4,64,3.2,3.2,2,2,64,1,TRUE,70.7657,1103.313312,0.084,"NAT_GAS","FH_ZGH","GST_NAT_GAS_02",0.44598
"GROSSKAY_1","FAST","D-85",14.7,61.2,3.06,3.06,2,2,61.2,1,TRUE,0,,0.084,"GASOIL","FH_NWE","BIOMASSOTHER_05",0.8556
"ALTBACH_GT1","FAST","D-189",14.4,60,3,3,2,2,60,1,TRUE,0,1042.989048,0.084,"NAT_GAS","FH_NCG","GST_FUELOIL_1_02",0.44081
"BERGUM_11_GT","FAST","NL-4",14.4,60,3,3,2,2,60,1,TRUE,0,1035.802566,0.084,"NAT_GAS","FH_TTF","NUCLEAR_03",0.55531
"BERGUM_21_GT","FAST","NL-4",14.4,60,3,3,2,2,60,1,TRUE,0,1035.802566,0.084,"NAT_GAS","FH_TTF","NUCLEAR_03",0.46719
"VELTHEIM_4_GT","FAST","D-91",14.4,60,1.2,1.2,2,2,60,1,TRUE,58.1372,,0.084,"NAT_GAS","FH_NCG","GT_NAT_GAS_09",0.47169
"GROSSKAY_2","FAST","D-85",14.1,58.8,2.94,2.94,2,2,58.8,1,TRUE,105.84,,0.084,"GASOIL","FH_NWE","GT_GASOIL_01",0.86557
"WILHELMSHAVEN_2","FAST","D-22",13.4,56,2.8,2.8,2,2,56,1,TRUE,0,,0.084,"GASOIL","FH_NWE","CST_COAL_01",0.76709
"Franken_GT","FAST","D-129",13.2,55,2.75,2.75,2,2,55,1,TRUE,53.2924,,0.084,"NAT_GAS","FH_NCG","GT_NAT_GAS_09",0.43809
"Wedel_3","FAST","D-16",13.2,55,2.75,2.75,2,2,55,1,TRUE,78.1579,,0.084,"GASOIL","FH_NWE","CHP_COAL_03",0.83119
"Wedel_4","FAST","D-16",13.2,55,2.75,2.75,2,2,55,1,TRUE,78.1579,,0.084,"GASOIL","FH_NWE","CHP_COAL_03",0.87807
"TURBOJETS_BE_WAL","FAST","B-15",15.6,52,0.52,0.52,3,2,52,1,TRUE,127.6364,,0.0887,"GASOIL","FH_NWE","BIOMASSOTHER_08",0.98862
"EMDEN_GT","FAST","D-27",12,50,2.5,2.5,2,2,50,1,TRUE,67.6014,,0.084,"NAT_GAS","FH_NCG","GT_NAT_GAS_21",0.50267
"SCHAERBEEK","SLOW","B-13",10.8,45,2.25,2.25,2,2,45,1,TRUE,59.7427,,0.0993,"WASTE","FH_BE_SCHAARBEEK","BIOMASSOTHER_09",-0.34716
"LANGERLO_1A_RP_EON","FAST","B_meerho",10.3,43,2.15,2.15,2,2,43,1,TRUE,41.0889,,0.0864,"NAT_GAS","FH_ZGH","GT_NAT_GAS_22",0.49411
"LANGERLO_2A_RP_EON","FAST","B_meerho",10.3,43,2.15,2.15,2,2,43,1,TRUE,57.3333,,0.0864,"NAT_GAS","FH_ZGH","GT_NAT_GAS_23",0.53864
"RUIEN_5A_RP","FAST","B-6",10.3,43,2.15,2.15,2,2,43,1,TRUE,0,,0.0864,"NAT_GAS","FH_ZGH","GT_NAT_GAS_24",0.48775
"THYROW_2","FAST","D-47",9.1,37.8,1.89,1.89,2,2,37.8,1,TRUE,36.6264,,0.0864,"NAT_GAS","FH_NCG","GT_NAT_GAS_09",0.50809
"THYROW_4","FAST","D-47",9.1,37.8,1.89,1.89,2,2,37.8,1,TRUE,51.1067,,0.0864,"NAT_GAS","FH_NCG","GT_NAT_GAS_21",0.45829
"THYROW_6","FAST","D-47",9.1,37.8,1.89,1.89,2,2,37.8,1,TRUE,51.1067,,0.0864,"NAT_GAS","FH_NCG","GT_NAT_GAS_25",0.47334
"THYROW_8","FAST","D-47",9.1,37.8,1.89,1.89,2,2,37.8,1,TRUE,51.1067,,0.0864,"NAT_GAS","FH_NCG","GT_NAT_GAS_21",0.43788
"AHRENSF_2","FAST","D-38",9,37.4,1.87,1.87,2,2,37.4,1,TRUE,0,650.1298399,0.0864,"NAT_GAS","FH_NCG","GT_NAT_GAS_08",0.50365
"AHRENSF_3","FAST","D-38",9,37.4,1.87,1.87,2,2,37.4,1,TRUE,0,650.1298399,0.0864,"NAT_GAS","FH_NCG","GT_NAT_GAS_08",0.51609
"AHRENSF_4","FAST","D-38",9,37.4,1.87,1.87,2,2,37.4,1,TRUE,50.5658,650.1298399,0.0864,"NAT_GAS","FH_NCG","GT_NAT_GAS_21",0.36693
"THYROW_1","FAST","D-47",8.8,36.8,1.84,1.84,2,2,36.8,1,TRUE,0,,0.0864,"NAT_GAS","FH_NCG","GT_NAT_GAS_08",0.44649
"THYROW_3","FAST","D-47",8.8,36.8,1.84,1.84,2,2,36.8,1,TRUE,49.7546,,0.0864,"NAT_GAS","FH_NCG","GT_NAT_GAS_25",0.50237
"THYROW_5","FAST","D-47",8.8,36.8,1.84,1.84,2,2,36.8,1,TRUE,49.7546,,0.0864,"NAT_GAS","FH_NCG","GT_NAT_GAS_25",0.45754
"THYROW_7","FAST","D-47",8.8,36.8,1.84,1.84,2,2,36.8,1,TRUE,0,,0.0864,"NAT_GAS","FH_NCG","GT_NAT_GAS_08",0.42502
"TURBOJETS_BE_BRU","FAST","B-6",10.8,36,0.36,0.36,3,2,36,1,TRUE,88.3636,,0.0887,"GASOIL","FH_NWE","BIOMASSOTHER_10",0.78902
"ROMERBRUCKE_R_plus","FAST","D-162",7.9,33,1.65,1.65,2,2,33,1,TRUE,0,,0.0864,"NAT_GAS","FH_NCG","CHP_COAL_01",0.50232
"HERSTAL_UVELIA","SLOW","B-7",7.2,30,1.5,1.5,2,2,30,1,TRUE,0,,0.0993,"WASTE","FH_BELGIUM","BIOMASSOTHER_11",-0.32103
"WELSER_1","SLOW","A-6",7,29,1.45,1.45,2,2,29,1,TRUE,0,,0.0993,"WASTE","FH_AUSTRIA","CHP_COAL_04",0.02095
"KLAGENFURT","FAST","A-34",6.8,28.2,1.42667,1.42667,2,2,28.2,1,TRUE,0,,0.0993,"NAT_GAS","FH_AUSTRIA","BIOMASSOTHER_05",0.40574
"ROCA_2","FAST","NL-17",1.3,26,0.26,0.26,2,2,26,1,TRUE,17.8721,,0.0864,"NAT_GAS","FH_TTF","GT_NAT_GAS_26",0.52902
"VELSEN_1","FAST","NL-11",6.2,26,1.3,1.3,2,2,26,1,TRUE,63.8182,,0.0864,"NAT_GAS","FH_TTF","BIOMASSOTHER_08",0.42205
"HAUSHAM_1","FAST","D-214",6,25,1.25,1.25,2,2,25,1,TRUE,50,,0.0864,"GASOIL","FH_NWE","GT_NAT_GAS_16",0.88874
"HAUSHAM_2","FAST","D-214",6,25,1.25,1.25,2,2,25,1,TRUE,0,,0.0864,"GASOIL","FH_NWE","GST_GASOIL_01",0.87558
"HAUSHAM_3","FAST","D-214",6,25,1.25,1.25,2,2,25,1,TRUE,0,,0.0864,"GASOIL","FH_NWE","GST_GASOIL_01",0.84976
"HAUSHAM_4","FAST","D-214",6,25,1.25,1.25,2,2,25,1,TRUE,35.8333,,0.0864,"GASOIL","FH_NWE","GST_GASOIL_02",0.83879
"ROCA_1","FAST","NL-17",1.8,25,0.25,0.25,2,2,25,1,TRUE,37.4999,,0.0864,"NAT_GAS","FH_TTF","GT_NAT_GAS_27",0.50071
"ZOLLING_2","FAST","D-191",6,25,1.25,1.25,2,2,25,1,TRUE,0,,0.0864,"GASOIL","FH_NWE","GST_GASOIL_01",0.77815
"ZOLLING_3","FAST","D-191",6,25,1.25,1.25,2,2,25,1,TRUE,35.8333,,0.0864,"GASOIL","FH_NWE","GST_GASOIL_02",0.5169
"DELFT_1","FAST","NL-17",5.8,24,1.2,1.2,2,2,24,1,TRUE,0,,0.0864,"NAT_GAS","FH_TTF","CST_LIGNITE_09",0.42467
"DELFT_2","FAST","NL-17",5.5,23,1.15,1.15,2,2,23,1,TRUE,31.05,,0.0864,"GASOIL","FH_NWE","GST_GASOIL_03",0.87242
"DELFT_3","FAST","NL-17",5.5,23,1.15,1.15,2,2,23,1,TRUE,31.05,,0.0864,"GASOIL","FH_NWE","GST_GASOIL_03",0.87661
"DELFT_4","FAST","NL-17",5.5,23,1.15,1.15,2,2,23,1,TRUE,0,,0.0864,"GASOIL","FH_NWE","CST_LIGNITE_09",0.81902
"GENDORF_BIS","FAST","D-188",5.2,21.5,1.075,1.075,2,2,21.5,1,TRUE,29.0686,,0.0864,"NAT_GAS","FH_NCG","GT_NAT_GAS_21",0.46181
"GENDORF","FAST","D-188",4.8,20,1,1,2,2,20,1,TRUE,27.0406,,0.0864,"NAT_GAS","FH_NCG","GT_NAT_GAS_25",0.48208
"INDAVER","SLOW","B-2",4.8,20,1,1,2,2,20,1,TRUE,34.3511,,0.0993,"WASTE","FH_BE_INDAVER","BIOMASSOTHER_12",0.0249
"BORSSELE_20","FAST","NL-17",4.3,18,0.9,0.9,2,2,18,1,TRUE,17.4893,617.9515758,0.1446,"GASOIL","FH_NWE","CST_BIOMASS_01",0.8623
"SALZBURGER_NORD","FAST","A_st.Pet",3.2,13.5,0.68667,0.68667,2,2,13.5,1,TRUE,17.3571,,0.0523,"FUELOIL_1","FH_WEST_MED","GST_FUELOIL_1_06",0.77379
"ISVAG","SLOW","B-2",2.5,10.5,0.525,0.525,2,2,10.5,1,TRUE,18.9,,0.0993,"WASTE","FH_BE_ISVAG","CHP_LIGNITE_01",-0.09152
"KOPENICK","FAST","D-47",2.4,10,0.5,0.5,2,2,10,1,TRUE,18.6207,,0.1446,"GASOIL","FH_NWE","GT_GASOIL_03",0.75453
"RES_BIOMASS_DE_existing_D162","FAST","D-162",,1604,106.93333,106.93333,,,,1,,,,0.0612,"BIOMASS","FH_GERMANY","BIOMASSOTHER_01",-0.42672
"NL_CHP_natgas_generic_Residential_KRIM","FAST","NL-15",,1412,28.24,28.24,,,,0.1,,,,0.0612,"NAT_GAS","FH_TTF","CHP_NAT_GAS_01",0.51556
"NL_CHP_natgas_generic_Residential_MAAS","FAST","NL-11",,1412,28.24,28.24,,,,0.1,,,,0.0612,"NAT_GAS","FH_TTF","CHP_NAT_GAS_01",0.32078
"NL_CHP_natgas_generic_Residential_ZWOL","FAST","NL-4",,1412,28.24,28.24,,,,0.1,,,,0.0612,"NAT_GAS","FH_TTF","CHP_NAT_GAS_01",0.52839
"RES_BIOMASS_DE_existing_D68","FAST","D-68",,1404,93.6,93.6,,,,1,,,,0.0612,"BIOMASS","FH_GERMANY","BIOMASSOTHER_01",0.03282
"RES_BIOMASS_DE_existing_D85","FAST","D-85",,1400,93.33333333,93.33333333,,,,1,,,,0.0612,"BIOMASS","FH_GERMANY","BIOMASSOTHER_01",0.03172
"DE_CHP_natgas_generic_Residential_D190","FAST","D-190",,1116,22.32,22.32,,,,0.1,,,,0.0612,"NAT_GAS","FH_NCG","CHP_NAT_GAS_02",0.44792
"FR_CHP_DECENTRALISED_F174","FAST","F-174",,877,17.54,17.54,,,,0.1,,,,0.0612,"NAT_GAS","FH_PEG_AVG","CHP_NAT_GAS_03",0.4305
"FR_CHP_DECENTRALISED_F286","FAST","F-286",,877,17.54,17.54,,,,0.1,,,,0.0612,"NAT_GAS","FH_PEG_AVG","CHP_NAT_GAS_03",0.45433
"FR_CHP_DECENTRALISED_FVigy","FAST","F_Vigy",,877,17.54,17.54,,,,0.1,,,,0.0612,"NAT_GAS","FH_PEG_AVG","CHP_NAT_GAS_03",0.36614
"RES_Biomass_AT_Existing","FAST","A-1",,766.2238379,51.08159,51.08159,,,,1,,,,0.145,"BIOMASS","FH_ARA","BIOMASSOTHER_02",-0.20576
"DE_CHP_natgas_generic_Residential_D68","FAST","D-68",,739,14.78,14.78,,,,0.1,,,,0.145,"NAT_GAS","FH_NCG","CHP_NAT_GAS_02",0.5001
"NL_CHP_natgas_generic_Industrial_Nord","FAST","NL-1",,736,14.72,14.72,,,,0.1,,,,0.145,"NAT_GAS","FH_TTF","CHP_NAT_GAS_04",0.46383
"NL_CHP_natgas_generic_Industrial_South","FAST","NL-13",,736,14.72,14.72,,,,0.1,,,,0.145,"NAT_GAS","FH_TTF","CHP_NAT_GAS_04",0.45494
"DE_CHP_natgas_generic_Residential_D85","FAST","D-92",,692,13.84,13.84,,,,0.1,,,,0.145,"NAT_GAS","FH_NCG","CHP_NAT_GAS_02",0.49168
"RES_WASTE_NL_existing","FAST","NL-13",,642,12.84,12.84,,,,1,,,,0.145,"WASTE","FH_NETHERLANDS","BIOMASSOTHER_03",-0.16066
"RES_BIOMASS_DE_existing_D27","FAST","D-27",,634,42.26667,42.26667,,,,1,,,,0.145,"BIOMASS","FH_GERMANY","BIOMASSOTHER_01",-0.24586
"FR_CHP_DECENTRALISED_TV_F174","FAST","F-174",,600,12,12,,,,0.1,,,,0.145,"FREE_FUEL","FH_INTERNATIONAL","CHP_NAT_GAS_03",0.02231
"FR_CHP_DECENTRALISED_TV_F286","FAST","F-286",,600,12,12,,,,0.1,,,,0.145,"FREE_FUEL","FH_INTERNATIONAL","CHP_NAT_GAS_03",0.04554
"FR_CHP_DECENTRALISED_TV_FVigy","FAST","F_Vigy",,600,12,12,,,,0.1,,,,0.145,"FREE_FUEL","FH_INTERNATIONAL","CHP_NAT_GAS_03",-0.04465
"SMALL_CHP_GAS_FLANDERS","FAST","B-2",,543,10.86,10.86,,,,0.1,,,,0.159,"NAT_GAS","FH_ZGH","CHP_NAT_GAS_07",0.46801
"DE_CHP_natgas_generic_Residential_D36","FAST","D-36",,512,10.24,10.24,,,,0.1,,,,0.159,"NAT_GAS","FH_NCG","CHP_NAT_GAS_02",0.54596
"DE_CHP_natgas_generic_Industrial_D97","FAST","D-97",,500,10,10,,,,0.1,,,,0.159,"NAT_GAS","FH_NCG","CHP_NAT_GAS_08",0.46534
"RES_BIOMASS_DE_existing_D177","FAST","D-177",,487,32.46667,32.46667,,,,1,,,,0.159,"BIOMASS","FH_GERMANY","BIOMASSOTHER_01",0.02779
"DE_CHP_natgas_generic_Residential_D177","FAST","D-177",,461,9.22,9.22,,,,0.1,,,,0.159,"NAT_GAS","FH_NCG","CHP_NAT_GAS_02",0.4831
"FR_CHP_DECENTRALISED_F6Aveli","FAST","F-6Aveli",,439,8.78,8.78,,,,0.1,,,,0.159,"NAT_GAS","FH_PEG_AVG","CHP_NAT_GAS_03",0.49811
"FR_CHP_DECENTRALISED_F85","FAST","F-85",,439,8.78,8.78,,,,0.1,,,,0.159,"NAT_GAS","FH_PEG_AVG","CHP_NAT_GAS_03",0.455
"RES_BIOMASS_FR_existing_F286","FAST","F-286",,400,26.66667,26.66667,,,,1,,,,0.159,"BIOMASS","FH_FRANCE","BIOMASSOTHER_04",-0.32205
"DE_CHP_natgas_generic_Residential_D192","FAST","D-192",,376,7.52,7.52,,,,0.1,,,,0.1012,"NAT_GAS","FH_NCG","CHP_NAT_GAS_02",0.4495
"RES_BIOMASS_DE_existing_D188","FAST","D-188",,365,24.33333,24.33333,,,,1,,,,0.1012,"BIOMASS","FH_GERMANY","BIOMASSOTHER_01",-0.12752
"DE_CHP_natgas_generic_Residential_D65","FAST","D-65",,361,7.22,7.22,,,,0.1,,,,0.1012,"NAT_GAS","FH_NCG","CHP_NAT_GAS_02",0.4625
"DE_CHP_natgas_generic_Residential_D94","FAST","D-94",,340,6.8,6.8,,,,0.1,,,,0.1012,"NAT_GAS","FH_NCG","CHP_NAT_GAS_02",0.50458
"DE_CHP_natgas_generic_Industrial_D65","FAST","D-65",,300,6,6,,,,0.1,,,,0.1012,"NAT_GAS","FH_NCG","CHP_NAT_GAS_08",0.5224
"RES_BIOMASS_DE_existing_D134","FAST","D-134",,300,20,20,,,,1,,,,0.1012,"BIOMASS","FH_GERMANY","BIOMASSOTHER_01",0.05966
"RES_BIOMASS_DE_existing_D135","FAST","D-135",,300,20,20,,,,1,,,,0.1012,"BIOMASS","FH_GERMANY","BIOMASSOTHER_01",-0.04813
"DE_CHP_natgas_generic_Residential_D188","FAST","D-188",,235,4.7,4.7,,,,0.1,,,,0.0942,"NAT_GAS","FH_NCG","CHP_NAT_GAS_02",0.43547
"DE_CHP_natgas_generic_Residential_D162","FAST","D-162",,226,4.52,4.52,,,,0.1,,,,0.0942,"NAT_GAS","FH_NCG","CHP_NAT_GAS_02",0.67862
"DE_CHP_natgas_generic_Residential_D27","FAST","D-27",,157,3.14,3.14,,,,0.1,,,,0.0685,"NAT_GAS","FH_NCG","CHP_NAT_GAS_02",0.44936
"DE_CHP_natgas_generic_Residential_D12","FAST","D-12",,151,3.02,3.02,,,,0.1,,,,0.0685,"NAT_GAS","FH_NCG","CHP_NAT_GAS_02",0.50688
"RES_BIOMASS_FR_existing_F100","FAST","F-100",,150,10,10,,,,1,,,,0.0685,"BIOMASS","FH_FRANCE","BIOMASSOTHER_04",-0.17131
"RES_BIOMASS_FR_existing_F174","FAST","F-174",,150,10,10,,,,1,,,,0.0685,"BIOMASS","FH_FRANCE","BIOMASSOTHER_04",0.03555
"RES_BIOMASS_FR_existing_F32","FAST","F-32",,150,10,10,,,,1,,,,0.0685,"BIOMASS","FH_FRANCE","BIOMASSOTHER_04",0.01843
"RES_BIOMASS_FR_existing_F6Aveli","FAST","F-6Aveli",,150,10,10,,,,1,,,,0.0685,"BIOMASS","FH_FRANCE","BIOMASSOTHER_04",0.02675
"RES_BIOMASS_FR_existing_F85","FAST","F-85",,150,10,10,,,,1,,,,0.0685,"BIOMASS","FH_FRANCE","BIOMASSOTHER_04",-0.58477
"RES_BIOMASS_FR_existing_FVigy","FAST","F_Vigy",,150,10,10,,,,1,,,,0.0685,"BIOMASS","FH_FRANCE","BIOMASSOTHER_04",-0.03537
"RES_BIOMASS_DE_existing_D12","FAST","D-12",,140,9.33333,9.33333,,,,1,,,,0.0685,"BIOMASS","FH_GERMANY","BIOMASSOTHER_01",0.02232
"RES_BIOMASS_DE_existing_D88","FAST","D-88",,137,9.13333,9.13333,,,,1,,,,0.0685,"BIOMASS","FH_GERMANY","BIOMASSOTHER_01",-0.09249
"RES_BIOMASS_DE_existing_D62","FAST","D-62",,106,7.06667,7.06667,,,,1,,,,0.0685,"BIOMASS","FH_GERMANY","BIOMASSOTHER_01",-0.48447
"RES_BIOMASS_DE_existing_D66","FAST","D-66",,89,5.93333,5.93333,,,,1,,,,0.0993,"BIOMASS","FH_GERMANY","BIOMASSOTHER_01",-0.57773
"RES_BIOMASS_DE_existing_D26","FAST","D-26",,84,5.6,5.6,,,,1,,,,0.0993,"BIOMASS","FH_GERMANY","BIOMASSOTHER_01",-0.19667
"SMALL_CHP_GAS_WALLONIA","FAST","B-15",,77,1.54,1.54,,,,0.1,,,,0.0993,"NAT_GAS","FH_ZGH","CHP_NAT_GAS_34",0.44683
"RES_BIOMASS_DE_existing_D16","FAST","D-16",,69,4.6,4.6,,,,1,,,,0.0993,"BIOMASS","FH_GERMANY","BIOMASSOTHER_01",0.03316
"RES_BIOMASS_DE_existing_D4","FAST","D-4",,32,2.13333,2.13333,,,,1,,,,0.0993,"BIOMASS","FH_GERMANY","BIOMASSOTHER_01",0.02224
"RES_BIOMASS_DE_existing_D22","FAST","D-22",,28,1.86667,1.86667,,,,1,,,,0.0993,"BIOMASS","FH_GERMANY","BIOMASSOTHER_01",-0.29031
