"EventID","Generator","DayType","StartSubPeriod","EndSubPeriod","OutProportion"
"ALTBACH_1:AutumnWD","ALTBACH_1","AutumnWD",1,96,0.129176801
"ALTBACH_1:AutumnWE","ALTBACH_1","AutumnWE",1,96,0.129176801
"ALTBACH_1:SpringWD","ALTBACH_1","SpringWD",1,96,0.019948268
"ALTBACH_1:SpringWE","ALTBACH_1","SpringWE",1,96,0.019948268
"ALTBACH_1:SummerWD","ALTBACH_1","SummerWD",1,96,0.27899805
"ALTBACH_1:SummerWE","ALTBACH_1","SummerWE",1,96,0.27899805
"ALTBACH_1:WinterWD","ALTBACH_1","WinterWD",1,96,0.14076529
"ALTBACH_1:WinterWE","ALTBACH_1","WinterWE",1,96,0.14076529
"ALTBACH_2:AutumnWD","ALTBACH_2","AutumnWD",1,96,0.151117754960937
"ALTBACH_2:AutumnWE","ALTBACH_2","AutumnWE",1,96,0.151117754960937
"ALTBACH_2:SpringWD","ALTBACH_2","SpringWD",1,96,0.886078664960937
"ALTBACH_2:SpringWE","ALTBACH_2","SpringWE",1,96,0.886078664960937
"ALTBACH_2:SummerWD","ALTBACH_2","SummerWD",1,96,0.886078664960937
"ALTBACH_2:SummerWE","ALTBACH_2","SummerWE",1,96,0.886078664960937
"AMERCOEUR_1:AutumnWD","AMERCOEUR_1","AutumnWD",1,96,0.235304316433594
"AMERCOEUR_1:AutumnWE","AMERCOEUR_1","AutumnWE",1,96,0.235304316433594
"AMERCOEUR_1:SpringWD","AMERCOEUR_1","SpringWD",1,96,0.0168898554335938
"AMERCOEUR_1:SpringWE","AMERCOEUR_1","SpringWE",1,96,0.0168898554335938
"ARAMON_2:AutumnWD","ARAMON_2","AutumnWD",1,96,0.298875638901838
"ARAMON_2:AutumnWE","ARAMON_2","AutumnWE",1,96,0.298875638901838
"BELLEVILLE_1:AutumnWD","BELLEVILLE_1","AutumnWD",1,96,0.0277835912407304
"BELLEVILLE_1:AutumnWE","BELLEVILLE_1","AutumnWE",1,96,0.0277835912407304
"BERGKAMEN:SummerWD","BERGKAMEN","SummerWD",1,96,0.241905377014114
"BERGKAMEN:SummerWE","BERGKAMEN","SummerWE",1,96,0.241905377014114
"BEXBACH_1:AutumnWD","BEXBACH_1","AutumnWD",1,96,0.049248643
"BEXBACH_1:AutumnWE","BEXBACH_1","AutumnWE",1,96,0.049248643
"BEXBACH_1:SpringWD","BEXBACH_1","SpringWD",1,96,0.9279
"BEXBACH_1:SpringWE","BEXBACH_1","SpringWE",1,96,0.9279
"BEXBACH_1:SummerWD","BEXBACH_1","SummerWD",1,96,0.390954747
"BEXBACH_1:SummerWE","BEXBACH_1","SummerWE",1,96,0.390954747
"BEXBACH_1:WinterWD","BEXBACH_1","WinterWD",1,96,0.043519148
"BEXBACH_1:WinterWE","BEXBACH_1","WinterWE",1,96,0.043519148
"BOXBERG_1:WinterWD","BOXBERG_1","WinterWD",1,96,0.171516583983263
"BOXBERG_1:WinterWE","BOXBERG_1","WinterWE",1,96,0.171516583983263
"BOXBERG_2:AutumnWD","BOXBERG_2","AutumnWD",1,96,0.042962771
"BOXBERG_2:AutumnWE","BOXBERG_2","AutumnWE",1,96,0.042962771
"BOXBERG_2:SpringWD","BOXBERG_2","SpringWD",1,96,0.401052301
"BOXBERG_2:SpringWE","BOXBERG_2","SpringWE",1,96,0.401052301
"BOXBERG_2:SummerWD","BOXBERG_2","SummerWD",1,96,0.287744855
"BOXBERG_2:SummerWE","BOXBERG_2","SummerWE",1,96,0.287744855
"BOXBERG_2:WinterWD","BOXBERG_2","WinterWD",1,96,0.121367067
"BOXBERG_2:WinterWE","BOXBERG_2","WinterWE",1,96,0.121367067
"BOXBERG_3:SummerWD","BOXBERG_3","SummerWD",1,96,0.182338154873858
"BOXBERG_3:SummerWE","BOXBERG_3","SummerWE",1,96,0.182338154873858
"BOXBERG_R:AutumnWD","BOXBERG_R","AutumnWD",1,96,0.158255011
"BOXBERG_R:AutumnWE","BOXBERG_R","AutumnWE",1,96,0.158255011
"BOXBERG_R:SpringWD","BOXBERG_R","SpringWD",1,96,0.226472722
"BOXBERG_R:SpringWE","BOXBERG_R","SpringWE",1,96,0.226472722
"BOXBERG_R:SummerWD","BOXBERG_R","SummerWD",1,96,0.035508032
"BOXBERG_R:SummerWE","BOXBERG_R","SummerWE",1,96,0.035508032
"BOXBERG_R:WinterWD","BOXBERG_R","WinterWD",1,96,0.059387435
"BOXBERG_R:WinterWE","BOXBERG_R","WinterWE",1,96,0.059387435
"BROKDORF_1:SpringWD","BROKDORF_1","SpringWD",1,96,0.0177078643937988
"BROKDORF_1:SpringWE","BROKDORF_1","SpringWE",1,96,0.0177078643937988
"BROKDORF_1:SummerWD","BROKDORF_1","SummerWD",1,96,0.109312697393799
"BROKDORF_1:SummerWE","BROKDORF_1","SummerWE",1,96,0.109312697393799
"BROKDORF_2:SpringWD","BROKDORF_2","SpringWD",1,96,0.020010966671875
"BROKDORF_2:SpringWE","BROKDORF_2","SpringWE",1,96,0.020010966671875
"BROKDORF_2:SummerWD","BROKDORF_2","SummerWD",1,96,0.112383517671875
"BROKDORF_2:SummerWE","BROKDORF_2","SummerWE",1,96,0.112383517671875
"BUSCH_1:SpringWD","BUSCH_1","SpringWD",1,96,0.0203874339061496
"BUSCH_1:SpringWE","BUSCH_1","SpringWE",1,96,0.0203874339061496
"CHARL_BURG:SummerWD","CHARL_BURG","SummerWD",1,96,0.170738366536419
"CHARL_BURG:SummerWE","CHARL_BURG","SummerWE",1,96,0.170738366536419
"COMBIGOLFE:AutumnWD","COMBIGOLFE","AutumnWD",1,96,0.176155665
"COMBIGOLFE:AutumnWE","COMBIGOLFE","AutumnWE",1,96,0.176155665
"COMBIGOLFE:SpringWD","COMBIGOLFE","SpringWD",1,96,0.338260649
"COMBIGOLFE:SpringWE","COMBIGOLFE","SpringWE",1,96,0.338260649
"COMBIGOLFE:SummerWD","COMBIGOLFE","SummerWD",1,96,0.9628
"COMBIGOLFE:SummerWE","COMBIGOLFE","SummerWE",1,96,0.9628
"COMBIGOLFE:WinterWD","COMBIGOLFE","WinterWD",1,96,0.041267057
"COMBIGOLFE:WinterWE","COMBIGOLFE","WinterWE",1,96,0.041267057
"CRUAS_2:AutumnWD","CRUAS_2","AutumnWD",1,96,0.216784042374023
"CRUAS_2:AutumnWE","CRUAS_2","AutumnWE",1,96,0.216784042374023
"CRUAS_2:WinterWD","CRUAS_2","WinterWD",1,96,0.147027488374023
"CRUAS_2:WinterWE","CRUAS_2","WinterWE",1,96,0.147027488374023
"CYCOFOS:AutumnWD","CYCOFOS","AutumnWD",1,96,0.9628
"CYCOFOS:AutumnWE","CYCOFOS","AutumnWE",1,96,0.9628
"CYCOFOS:SpringWD","CYCOFOS","SpringWD",1,96,0.9628
"CYCOFOS:SpringWE","CYCOFOS","SpringWE",1,96,0.9628
"CYCOFOS:SummerWD","CYCOFOS","SummerWD",1,96,0.9628
"CYCOFOS:SummerWE","CYCOFOS","SummerWE",1,96,0.9628
"CYCOFOS:WinterWD","CYCOFOS","WinterWD",1,96,0.9628
"CYCOFOS:WinterWE","CYCOFOS","WinterWE",1,96,0.9628
"DAMPIERRE_3:WinterWD","DAMPIERRE_3","WinterWD",1,96,0.0419885351009687
"DAMPIERRE_3:WinterWE","DAMPIERRE_3","WinterWE",1,96,0.0419885351009687
"DOEL_1:WinterWD","DOEL_1","WinterWD",1,96,0.123720781452976
"DOEL_1:WinterWE","DOEL_1","WinterWE",1,96,0.123720781452976
"DOEL_2:SpringWD","DOEL_2","SpringWD",1,96,0.0238061945578613
"DOEL_2:SpringWE","DOEL_2","SpringWE",1,96,0.0238061945578613
"DOEL_2:SummerWD","DOEL_2","SummerWD",1,96,0.0769681335578613
"DOEL_2:SummerWE","DOEL_2","SummerWE",1,96,0.0769681335578613
"DOEL_3:AutumnWD","DOEL_3","AutumnWD",1,96,0.9681
"DOEL_3:AutumnWE","DOEL_3","AutumnWE",1,96,0.9681
"DOEL_3:SpringWD","DOEL_3","SpringWD",1,96,0.9681
"DOEL_3:SpringWE","DOEL_3","SpringWE",1,96,0.9681
"DOEL_3:SummerWD","DOEL_3","SummerWD",1,96,0.9681
"DOEL_3:SummerWE","DOEL_3","SummerWE",1,96,0.9681
"DOEL_3:WinterWD","DOEL_3","WinterWD",1,96,0.9681
"DOEL_3:WinterWE","DOEL_3","WinterWE",1,96,0.9681
"DOEL_4:AutumnWD","DOEL_4","AutumnWD",1,96,0.9681
"DOEL_4:AutumnWE","DOEL_4","AutumnWE",1,96,0.9681
"DOEL_4:SpringWD","DOEL_4","SpringWD",1,96,0.224235933
"DOEL_4:SpringWE","DOEL_4","SpringWE",1,96,0.224235933
"DOEL_4:SummerWD","DOEL_4","SummerWD",1,96,0.9681
"DOEL_4:SummerWE","DOEL_4","SummerWE",1,96,0.9681
"DOEL_4:WinterWD","DOEL_4","WinterWD",1,96,0.024422377
"DOEL_4:WinterWE","DOEL_4","WinterWE",1,96,0.024422377
"DROGENBOS:SummerWD","DROGENBOS","SummerWD",1,96,0.0361719191591338
"DROGENBOS:SummerWE","DROGENBOS","SummerWE",1,96,0.0361719191591338
"DUFERCO_CCGT:AutumnWD","DUFERCO_CCGT","AutumnWD",1,96,0.252446179052246
"DUFERCO_CCGT:AutumnWE","DUFERCO_CCGT","AutumnWE",1,96,0.252446179052246
"DUFERCO_CCGT:WinterWD","DUFERCO_CCGT","WinterWD",1,96,0.0152065240522461
"DUFERCO_CCGT:WinterWE","DUFERCO_CCGT","WinterWE",1,96,0.0152065240522461
"EMSLAND_B:AutumnWD","EMSLAND_B","AutumnWD",1,96,0.040788209984375
"EMSLAND_B:AutumnWE","EMSLAND_B","AutumnWE",1,96,0.040788209984375
"EMSLAND_B:SpringWD","EMSLAND_B","SpringWD",1,96,0.958528990984375
"EMSLAND_B:SpringWE","EMSLAND_B","SpringWE",1,96,0.958528990984375
"EMSLAND_B:SummerWD","EMSLAND_B","SummerWD",1,96,0.958528990984375
"EMSLAND_B:SummerWE","EMSLAND_B","SummerWE",1,96,0.958528990984375
"EMSLAND_C:AutumnWD","EMSLAND_C","AutumnWD",1,96,0.030568700383789
"EMSLAND_C:AutumnWE","EMSLAND_C","AutumnWE",1,96,0.030568700383789
"EMSLAND_C:SpringWD","EMSLAND_C","SpringWD",1,96,0.951849074383789
"EMSLAND_C:SpringWE","EMSLAND_C","SpringWE",1,96,0.951849074383789
"EMSLAND_C:SummerWD","EMSLAND_C","SummerWD",1,96,0.951849074383789
"EMSLAND_C:SummerWE","EMSLAND_C","SummerWE",1,96,0.951849074383789
"EMS_LINGEN_1:SpringWD","EMS_LINGEN_1","SpringWD",1,96,0.0672825646643075
"EMS_LINGEN_1:SpringWE","EMS_LINGEN_1","SpringWE",1,96,0.0672825646643075
"ESCH:AutumnWD","ESCH","AutumnWD",1,96,0.10521573
"ESCH:AutumnWE","ESCH","AutumnWE",1,96,0.10521573
"ESCH:SpringWD","ESCH","SpringWD",1,96,0.9628
"ESCH:SpringWE","ESCH","SpringWE",1,96,0.9628
"ESCH:SummerWD","ESCH","SummerWD",1,96,0.9628
"ESCH:SummerWE","ESCH","SummerWE",1,96,0.9628
"ESCH:WinterWD","ESCH","WinterWD",1,96,0.010927341
"ESCH:WinterWE","ESCH","WinterWE",1,96,0.010927341
"FENNE_HKV:AutumnWD","FENNE_HKV","AutumnWD",1,96,0.042497855
"FENNE_HKV:AutumnWE","FENNE_HKV","AutumnWE",1,96,0.042497855
"FENNE_HKV:SpringWD","FENNE_HKV","SpringWD",1,96,0.020481573
"FENNE_HKV:SpringWE","FENNE_HKV","SpringWE",1,96,0.020481573
"FENNE_HKV:SummerWD","FENNE_HKV","SummerWD",1,96,0.247616335
"FENNE_HKV:SummerWE","FENNE_HKV","SummerWE",1,96,0.247616335
"FENNE_HKV:WinterWD","FENNE_HKV","WinterWD",1,96,0.00663765799999999
"FENNE_HKV:WinterWE","FENNE_HKV","WinterWE",1,96,0.00663765799999999
"FENNE_MKV:AutumnWD","FENNE_MKV","AutumnWD",1,96,0.041440212
"FENNE_MKV:AutumnWE","FENNE_MKV","AutumnWE",1,96,0.041440212
"FENNE_MKV:SpringWD","FENNE_MKV","SpringWD",1,96,0.015054487
"FENNE_MKV:SpringWE","FENNE_MKV","SpringWE",1,96,0.015054487
"FENNE_MKV:SummerWD","FENNE_MKV","SummerWD",1,96,0.139703045
"FENNE_MKV:SummerWE","FENNE_MKV","SummerWE",1,96,0.139703045
"FENNE_MKV:WinterWD","FENNE_MKV","WinterWD",1,96,0.067266002
"FENNE_MKV:WinterWE","FENNE_MKV","WinterWE",1,96,0.067266002
"FLAMANVILLE_1:AutumnWD","FLAMANVILLE_1","AutumnWD",1,96,0.00504357319091799
"FLAMANVILLE_1:AutumnWE","FLAMANVILLE_1","AutumnWE",1,96,0.00504357319091799
"FLAMANVILLE_1:WinterWD","FLAMANVILLE_1","WinterWD",1,96,0.042921625190918
"FLAMANVILLE_1:WinterWE","FLAMANVILLE_1","WinterWE",1,96,0.042921625190918
"FRIMM_P:AutumnWD","FRIMM_P","AutumnWD",1,96,0.9399
"FRIMM_P:AutumnWE","FRIMM_P","AutumnWE",1,96,0.9399
"FRIMM_P:SpringWD","FRIMM_P","SpringWD",1,96,0.9399
"FRIMM_P:SpringWE","FRIMM_P","SpringWE",1,96,0.9399
"FRIMM_P:SummerWD","FRIMM_P","SummerWD",1,96,0.9399
"FRIMM_P:SummerWE","FRIMM_P","SummerWE",1,96,0.9399
"FRIMM_P:WinterWD","FRIMM_P","WinterWD",1,96,0.9399
"FRIMM_P:WinterWE","FRIMM_P","WinterWE",1,96,0.9399
"FRIMM_Q:AutumnWD","FRIMM_Q","AutumnWD",1,96,0.224898932
"FRIMM_Q:AutumnWE","FRIMM_Q","AutumnWE",1,96,0.224898932
"FRIMM_Q:SpringWD","FRIMM_Q","SpringWD",1,96,0.143857298
"FRIMM_Q:SpringWE","FRIMM_Q","SpringWE",1,96,0.143857298
"FRIMM_Q:SummerWD","FRIMM_Q","SummerWD",1,96,0.20922663
"FRIMM_Q:SummerWE","FRIMM_Q","SummerWE",1,96,0.20922663
"FRIMM_Q:WinterWD","FRIMM_Q","WinterWD",1,96,0.243340929
"FRIMM_Q:WinterWE","FRIMM_Q","WinterWE",1,96,0.243340929
"GERSTEINWERK_F:AutumnWD","GERSTEINWERK_F","AutumnWD",1,96,0.706853659
"GERSTEINWERK_F:AutumnWE","GERSTEINWERK_F","AutumnWE",1,96,0.706853659
"GERSTEINWERK_F:SpringWD","GERSTEINWERK_F","SpringWD",1,96,0.608921147
"GERSTEINWERK_F:SpringWE","GERSTEINWERK_F","SpringWE",1,96,0.608921147
"GERSTEINWERK_F:SummerWD","GERSTEINWERK_F","SummerWD",1,96,0.706853659
"GERSTEINWERK_F:SummerWE","GERSTEINWERK_F","SummerWE",1,96,0.706853659
"GERSTEINWERK_F:WinterWD","GERSTEINWERK_F","WinterWD",1,96,0.841
"GERSTEINWERK_F:WinterWE","GERSTEINWERK_F","WinterWE",1,96,0.841
"GERSTEINWERK_G:AutumnWD","GERSTEINWERK_G","AutumnWD",1,96,0.706853659
"GERSTEINWERK_G:AutumnWE","GERSTEINWERK_G","AutumnWE",1,96,0.706853659
"GERSTEINWERK_G:SpringWD","GERSTEINWERK_G","SpringWD",1,96,0.587016916
"GERSTEINWERK_G:SpringWE","GERSTEINWERK_G","SpringWE",1,96,0.587016916
"GERSTEINWERK_G:SummerWD","GERSTEINWERK_G","SummerWD",1,96,0.564625887
"GERSTEINWERK_G:SummerWE","GERSTEINWERK_G","SummerWE",1,96,0.564625887
"GERSTEINWERK_G:WinterWD","GERSTEINWERK_G","WinterWD",1,96,0.702597355
"GERSTEINWERK_G:WinterWE","GERSTEINWERK_G","WinterWE",1,96,0.702597355
"GERSTEINWERK_I:AutumnWD","GERSTEINWERK_I","AutumnWD",1,96,0.8988
"GERSTEINWERK_I:AutumnWE","GERSTEINWERK_I","AutumnWE",1,96,0.8988
"GERSTEINWERK_I:SpringWD","GERSTEINWERK_I","SpringWD",1,96,0.8988
"GERSTEINWERK_I:SpringWE","GERSTEINWERK_I","SpringWE",1,96,0.8988
"GERSTEINWERK_I:SummerWD","GERSTEINWERK_I","SummerWD",1,96,0.8988
"GERSTEINWERK_I:SummerWE","GERSTEINWERK_I","SummerWE",1,96,0.8988
"GERSTEINWERK_I:WinterWD","GERSTEINWERK_I","WinterWD",1,96,0.8988
"GERSTEINWERK_I:WinterWE","GERSTEINWERK_I","WinterWE",1,96,0.8988
"Gersteinwerk_K:AutumnWD","Gersteinwerk_K","AutumnWD",1,96,0.063856186
"Gersteinwerk_K:AutumnWE","Gersteinwerk_K","AutumnWE",1,96,0.063856186
"Gersteinwerk_K:SpringWD","Gersteinwerk_K","SpringWD",1,96,0.109713118
"Gersteinwerk_K:SpringWE","Gersteinwerk_K","SpringWE",1,96,0.109713118
"Gersteinwerk_K:SummerWD","Gersteinwerk_K","SummerWD",1,96,0.029493697
"Gersteinwerk_K:SummerWE","Gersteinwerk_K","SummerWE",1,96,0.029493697
"Gersteinwerk_K:WinterWD","Gersteinwerk_K","WinterWD",1,96,0.145918204
"Gersteinwerk_K:WinterWE","Gersteinwerk_K","WinterWE",1,96,0.145918204
"GOLDENBERG:AutumnWD","GOLDENBERG","AutumnWD",1,96,0.016593454
"GOLDENBERG:AutumnWE","GOLDENBERG","AutumnWE",1,96,0.016593454
"GOLDENBERG:SpringWD","GOLDENBERG","SpringWD",1,96,0.176155509
"GOLDENBERG:SpringWE","GOLDENBERG","SpringWE",1,96,0.176155509
"GOLDENBERG:SummerWD","GOLDENBERG","SummerWD",1,96,0.259962957
"GOLDENBERG:SummerWE","GOLDENBERG","SummerWE",1,96,0.259962957
"GOLDENBERG:WinterWD","GOLDENBERG","WinterWD",1,96,0.021495543
"GOLDENBERG:WinterWE","GOLDENBERG","WinterWE",1,96,0.021495543
"GRAFEN:SpringWD","GRAFEN","SpringWD",1,96,0.131301062616455
"GRAFEN:SpringWE","GRAFEN","SpringWE",1,96,0.131301062616455
"GRAFEN:SummerWD","GRAFEN","SummerWD",1,96,0.00105054761645507
"GRAFEN:SummerWE","GRAFEN","SummerWE",1,96,0.00105054761645507
"GRAVELINES_2:SpringWD","GRAVELINES_2","SpringWD",1,96,0.00830188421935463
"GRAVELINES_2:SpringWE","GRAVELINES_2","SpringWE",1,96,0.00830188421935463
"GRAVELINES_4:SummerWD","GRAVELINES_4","SummerWD",1,96,0.129039921071482
"GRAVELINES_4:SummerWE","GRAVELINES_4","SummerWE",1,96,0.129039921071482
"GRAVELINES_6:SpringWD","GRAVELINES_6","SpringWD",1,96,0.0328625870121401
"GRAVELINES_6:SpringWE","GRAVELINES_6","SpringWE",1,96,0.0328625870121401
"GROHNDE_1:AutumnWD","GROHNDE_1","AutumnWD",1,96,0.154326728296875
"GROHNDE_1:AutumnWE","GROHNDE_1","AutumnWE",1,96,0.154326728296875
"GROHNDE_1:SpringWD","GROHNDE_1","SpringWD",1,96,0.957439335296875
"GROHNDE_1:SpringWE","GROHNDE_1","SpringWE",1,96,0.957439335296875
"GROHNDE_2:AutumnWD","GROHNDE_2","AutumnWD",1,96,0.145006776080566
"GROHNDE_2:AutumnWE","GROHNDE_2","AutumnWE",1,96,0.145006776080566
"GROHNDE_2:SpringWD","GROHNDE_2","SpringWD",1,96,0.953527375080566
"GROHNDE_2:SpringWE","GROHNDE_2","SpringWE",1,96,0.953527375080566
"GUNDR_B2:SpringWD","GUNDR_B2","SpringWD",1,96,0.311737679532715
"GUNDR_B2:SpringWE","GUNDR_B2","SpringWE",1,96,0.311737679532715
"GUNDR_B2:WinterWD","GUNDR_B2","WinterWD",1,96,0.114461999532715
"GUNDR_B2:WinterWE","GUNDR_B2","WinterWE",1,96,0.114461999532715
"GUNDR_C2:WinterWD","GUNDR_C2","WinterWD",1,96,0.0354868664275914
"GUNDR_C2:WinterWE","GUNDR_C2","WinterWE",1,96,0.0354868664275914
"HAMM_UENTROP:AutumnWD","HAMM_UENTROP","AutumnWD",1,96,0.272739724
"HAMM_UENTROP:AutumnWE","HAMM_UENTROP","AutumnWE",1,96,0.272739724
"HAMM_UENTROP:SpringWD","HAMM_UENTROP","SpringWD",1,96,0.9628
"HAMM_UENTROP:SpringWE","HAMM_UENTROP","SpringWE",1,96,0.9628
"HAMM_UENTROP:SummerWD","HAMM_UENTROP","SummerWD",1,96,0.9628
"HAMM_UENTROP:SummerWE","HAMM_UENTROP","SummerWE",1,96,0.9628
"HAMM_UENTROP:WinterWD","HAMM_UENTROP","WinterWD",1,96,0.9628
"HAMM_UENTROP:WinterWE","HAMM_UENTROP","WinterWE",1,96,0.9628
"HAST_1:SpringWD","HAST_1","SpringWD",1,96,0.0140023866328125
"HAST_1:SpringWE","HAST_1","SpringWE",1,96,0.0140023866328125
"HAST_1:SummerWD","HAST_1","SummerWD",1,96,0.0859775936328125
"HAST_1:SummerWE","HAST_1","SummerWE",1,96,0.0859775936328125
"HEILBRONN_5:SpringWD","HEILBRONN_5","SpringWD",1,96,0.0239361864007568
"HEILBRONN_5:SpringWE","HEILBRONN_5","SpringWE",1,96,0.0239361864007568
"HEILBRONN_5:SummerWD","HEILBRONN_5","SummerWD",1,96,0.149698550400757
"HEILBRONN_5:SummerWE","HEILBRONN_5","SummerWE",1,96,0.149698550400757
"HEILBRONN_7:AutumnWD","HEILBRONN_7","AutumnWD",1,96,0.031694216
"HEILBRONN_7:AutumnWE","HEILBRONN_7","AutumnWE",1,96,0.031694216
"HEILBRONN_7:SpringWD","HEILBRONN_7","SpringWD",1,96,0.082030227
"HEILBRONN_7:SpringWE","HEILBRONN_7","SpringWE",1,96,0.082030227
"HEILBRONN_7:SummerWD","HEILBRONN_7","SummerWD",1,96,0.9279
"HEILBRONN_7:SummerWE","HEILBRONN_7","SummerWE",1,96,0.9279
"HEILBRONN_7:WinterWD","HEILBRONN_7","WinterWD",1,96,0.00447064700000001
"HEILBRONN_7:WinterWE","HEILBRONN_7","WinterWE",1,96,0.00447064700000001
"HERNE_3:AutumnWD","HERNE_3","AutumnWD",1,96,0.096178901
"HERNE_3:AutumnWE","HERNE_3","AutumnWE",1,96,0.096178901
"HERNE_3:SpringWD","HERNE_3","SpringWD",1,96,0.158762067
"HERNE_3:SpringWE","HERNE_3","SpringWE",1,96,0.158762067
"HERNE_3:SummerWD","HERNE_3","SummerWD",1,96,0.053018972
"HERNE_3:SummerWE","HERNE_3","SummerWE",1,96,0.053018972
"HERNE_3:WinterWD","HERNE_3","WinterWD",1,96,0.057590262
"HERNE_3:WinterWE","HERNE_3","WinterWE",1,96,0.057590262
"HERNE_4:SpringWD","HERNE_4","SpringWD",1,96,0.0673387767615967
"HERNE_4:SpringWE","HERNE_4","SpringWE",1,96,0.0673387767615967
"HERNE_4:SummerWD","HERNE_4","SummerWD",1,96,0.152456414761597
"HERNE_4:SummerWE","HERNE_4","SummerWE",1,96,0.152456414761597
"HEYDEN:AutumnWD","HEYDEN","AutumnWD",1,96,0.9295
"HEYDEN:AutumnWE","HEYDEN","AutumnWE",1,96,0.9295
"HEYDEN:SpringWD","HEYDEN","SpringWD",1,96,0.029075668
"HEYDEN:SpringWE","HEYDEN","SpringWE",1,96,0.029075668
"HEYDEN:SummerWD","HEYDEN","SummerWD",1,96,0.9295
"HEYDEN:SummerWE","HEYDEN","SummerWE",1,96,0.9295
"HEYDEN:WinterWD","HEYDEN","WinterWD",1,96,0.9295
"HEYDEN:WinterWE","HEYDEN","WinterWE",1,96,0.9295
"HUCKINGEN_1:WinterWD","HUCKINGEN_1","WinterWD",1,96,0.103071405678554
"HUCKINGEN_1:WinterWE","HUCKINGEN_1","WinterWE",1,96,0.103071405678554
"HUCKINGEN_2:AutumnWD","HUCKINGEN_2","AutumnWD",1,96,0.000461984999999998
"HUCKINGEN_2:AutumnWE","HUCKINGEN_2","AutumnWE",1,96,0.000461984999999998
"HUCKINGEN_2:SpringWD","HUCKINGEN_2","SpringWD",1,96,0.024652499
"HUCKINGEN_2:SpringWE","HUCKINGEN_2","SpringWE",1,96,0.024652499
"HUCKINGEN_2:SummerWD","HUCKINGEN_2","SummerWD",1,96,0.000724989999999995
"HUCKINGEN_2:SummerWE","HUCKINGEN_2","SummerWE",1,96,0.000724989999999995
"HUCKINGEN_2:WinterWD","HUCKINGEN_2","WinterWD",1,96,0.164977434
"HUCKINGEN_2:WinterWE","HUCKINGEN_2","WinterWE",1,96,0.164977434
"HUNTORF:AutumnWD","HUNTORF","AutumnWD",1,96,0.307390009951172
"HUNTORF:AutumnWE","HUNTORF","AutumnWE",1,96,0.307390009951172
"HUNTORF:SpringWD","HUNTORF","SpringWD",1,96,0.120635488951172
"HUNTORF:SpringWE","HUNTORF","SpringWE",1,96,0.120635488951172
"HUNTORF:WinterWD","HUNTORF","WinterWD",1,96,0.909725990951172
"HUNTORF:WinterWE","HUNTORF","WinterWE",1,96,0.909725990951172
"INGOLST_3:AutumnWD","INGOLST_3","AutumnWD",1,96,0.305812517231506
"INGOLST_3:AutumnWE","INGOLST_3","AutumnWE",1,96,0.305812517231506
"INGOLST_3:SummerWD","INGOLST_3","SummerWD",1,96,0.0573113762315063
"INGOLST_3:SummerWE","INGOLST_3","SummerWE",1,96,0.0573113762315063
"INGOLST_4:AutumnWD","INGOLST_4","AutumnWD",1,96,0.0717867487623291
"INGOLST_4:AutumnWE","INGOLST_4","AutumnWE",1,96,0.0717867487623291
"INGOLST_4:SummerWD","INGOLST_4","SummerWD",1,96,0.0971931467623291
"INGOLST_4:SummerWE","INGOLST_4","SummerWE",1,96,0.0971931467623291
"IRSCHING_5:AutumnWD","IRSCHING_5","AutumnWD",1,96,0.316207362
"IRSCHING_5:AutumnWE","IRSCHING_5","AutumnWE",1,96,0.316207362
"IRSCHING_5:SpringWD","IRSCHING_5","SpringWD",1,96,0.119331138
"IRSCHING_5:SpringWE","IRSCHING_5","SpringWE",1,96,0.119331138
"IRSCHING_5:SummerWD","IRSCHING_5","SummerWD",1,96,0.027242598
"IRSCHING_5:SummerWE","IRSCHING_5","SummerWE",1,96,0.027242598
"IRSCHING_5:WinterWD","IRSCHING_5","WinterWD",1,96,0.030894569
"IRSCHING_5:WinterWE","IRSCHING_5","WinterWE",1,96,0.030894569
"ISAR_2:SpringWD","ISAR_2","SpringWD",1,96,0.176786887585327
"ISAR_2:SpringWE","ISAR_2","SpringWE",1,96,0.176786887585327
"ISAR_2:SummerWD","ISAR_2","SummerWD",1,96,0.146457429585327
"ISAR_2:SummerWE","ISAR_2","SummerWE",1,96,0.146457429585327
"JANSCHW_1:AutumnWD","JANSCHW_1","AutumnWD",1,96,0.00635085900000001
"JANSCHW_1:AutumnWE","JANSCHW_1","AutumnWE",1,96,0.00635085900000001
"JANSCHW_1:SpringWD","JANSCHW_1","SpringWD",1,96,0.9399
"JANSCHW_1:SpringWE","JANSCHW_1","SpringWE",1,96,0.9399
"JANSCHW_1:SummerWD","JANSCHW_1","SummerWD",1,96,0.054858065
"JANSCHW_1:SummerWE","JANSCHW_1","SummerWE",1,96,0.054858065
"JANSCHW_1:WinterWD","JANSCHW_1","WinterWD",1,96,0.00553566000000001
"JANSCHW_1:WinterWE","JANSCHW_1","WinterWE",1,96,0.00553566000000001
"JANSCHW_2:AutumnWD","JANSCHW_2","AutumnWD",1,96,0.185347912459961
"JANSCHW_2:AutumnWE","JANSCHW_2","AutumnWE",1,96,0.185347912459961
"JANSCHW_2:WinterWD","JANSCHW_2","WinterWD",1,96,0.0108220994599609
"JANSCHW_2:WinterWE","JANSCHW_2","WinterWE",1,96,0.0108220994599609
"JANSCHW_3:SummerWD","JANSCHW_3","SummerWD",1,96,0.0693845088674317
"JANSCHW_3:SummerWE","JANSCHW_3","SummerWE",1,96,0.0693845088674317
"JANSCHW_3:WinterWD","JANSCHW_3","WinterWD",1,96,0.0477706378674316
"JANSCHW_3:WinterWE","JANSCHW_3","WinterWE",1,96,0.0477706378674316
"JANSCHW_4:SpringWD","JANSCHW_4","SpringWD",1,96,0.0969658648242187
"JANSCHW_4:SpringWE","JANSCHW_4","SpringWE",1,96,0.0969658648242187
"JANSCHW_4:SummerWD","JANSCHW_4","SummerWD",1,96,0.00820968082421874
"JANSCHW_4:SummerWE","JANSCHW_4","SummerWE",1,96,0.00820968082421874
"JANSCHW_4:WinterWD","JANSCHW_4","WinterWD",1,96,0.0606222388242187
"JANSCHW_4:WinterWE","JANSCHW_4","WinterWE",1,96,0.0606222388242187
"JANSCHW_5:AutumnWD","JANSCHW_5","AutumnWD",1,96,0.0313103394511719
"JANSCHW_5:AutumnWE","JANSCHW_5","AutumnWE",1,96,0.0313103394511719
"JANSCHW_5:SpringWD","JANSCHW_5","SpringWD",1,96,0.0106502664511719
"JANSCHW_5:SpringWE","JANSCHW_5","SpringWE",1,96,0.0106502664511719
"JANSCHW_5:SummerWD","JANSCHW_5","SummerWD",1,96,0.125617361451172
"JANSCHW_5:SummerWE","JANSCHW_5","SummerWE",1,96,0.125617361451172
"JANSCHW_6:AutumnWD","JANSCHW_6","AutumnWD",1,96,0.306316549473633
"JANSCHW_6:AutumnWE","JANSCHW_6","AutumnWE",1,96,0.306316549473633
"JANSCHW_6:SpringWD","JANSCHW_6","SpringWD",1,96,0.00470403847363284
"JANSCHW_6:SpringWE","JANSCHW_6","SpringWE",1,96,0.00470403847363284
"JANSCHW_6:SummerWD","JANSCHW_6","SummerWD",1,96,0.936437683473633
"JANSCHW_6:SummerWE","JANSCHW_6","SummerWE",1,96,0.936437683473633
"KIEL_2:SummerWD","KIEL_2","SummerWD",1,96,0.0221055568433045
"KIEL_2:SummerWE","KIEL_2","SummerWE",1,96,0.0221055568433045
"KLINGENB:SpringWD","KLINGENB","SpringWD",1,96,0.407134988397766
"KLINGENB:SpringWE","KLINGENB","SpringWE",1,96,0.407134988397766
"KLINGENB:SummerWD","KLINGENB","SummerWD",1,96,0.892346446397766
"KLINGENB:SummerWE","KLINGENB","SummerWE",1,96,0.892346446397766
"KNEPPER_C:AutumnWD","KNEPPER_C","AutumnWD",1,96,0.144946492
"KNEPPER_C:AutumnWE","KNEPPER_C","AutumnWE",1,96,0.144946492
"KNEPPER_C:SpringWD","KNEPPER_C","SpringWD",1,96,0.177249919
"KNEPPER_C:SpringWE","KNEPPER_C","SpringWE",1,96,0.177249919
"KNEPPER_C:SummerWD","KNEPPER_C","SummerWD",1,96,0.086445901
"KNEPPER_C:SummerWE","KNEPPER_C","SummerWE",1,96,0.086445901
"KNEPPER_C:WinterWD","KNEPPER_C","WinterWD",1,96,0.149228504
"KNEPPER_C:WinterWE","KNEPPER_C","WinterWE",1,96,0.149228504
"LAMAXE_2:WinterWD","LAMAXE_2","WinterWD",1,96,0.6392362432352
"LAMAXE_2:WinterWE","LAMAXE_2","WinterWE",1,96,0.6392362432352
"LEBLAYAIS_3:AutumnWD","LEBLAYAIS_3","AutumnWD",1,96,0.9794
"LEBLAYAIS_3:AutumnWE","LEBLAYAIS_3","AutumnWE",1,96,0.9794
"LEBLAYAIS_3:SpringWD","LEBLAYAIS_3","SpringWD",1,96,0.015928615
"LEBLAYAIS_3:SpringWE","LEBLAYAIS_3","SpringWE",1,96,0.015928615
"LEBLAYAIS_3:SummerWD","LEBLAYAIS_3","SummerWD",1,96,0.9794
"LEBLAYAIS_3:SummerWE","LEBLAYAIS_3","SummerWE",1,96,0.9794
"LEBLAYAIS_3:WinterWD","LEBLAYAIS_3","WinterWD",1,96,0.9794
"LEBLAYAIS_3:WinterWE","LEBLAYAIS_3","WinterWE",1,96,0.9794
"LEHAVRE_4:AutumnWD","LEHAVRE_4","AutumnWD",1,96,0.9116
"LEHAVRE_4:AutumnWE","LEHAVRE_4","AutumnWE",1,96,0.9116
"LEHAVRE_4:SpringWD","LEHAVRE_4","SpringWD",1,96,0.9116
"LEHAVRE_4:SpringWE","LEHAVRE_4","SpringWE",1,96,0.9116
"LEHAVRE_4:SummerWD","LEHAVRE_4","SummerWD",1,96,0.9116
"LEHAVRE_4:SummerWE","LEHAVRE_4","SummerWE",1,96,0.9116
"LEHAVRE_4:WinterWD","LEHAVRE_4","WinterWD",1,96,0.9116
"LEHAVRE_4:WinterWE","LEHAVRE_4","WinterWE",1,96,0.9116
"LICHTERF_1:SpringWD","LICHTERF_1","SpringWD",1,96,0.231502726465576
"LICHTERF_1:SpringWE","LICHTERF_1","SpringWE",1,96,0.231502726465576
"LICHTERF_1:SummerWD","LICHTERF_1","SummerWD",1,96,0.0625282684655762
"LICHTERF_1:SummerWE","LICHTERF_1","SummerWE",1,96,0.0625282684655762
"LICHTERF_1:WinterWD","LICHTERF_1","WinterWD",1,96,0.0417933644655762
"LICHTERF_1:WinterWE","LICHTERF_1","WinterWE",1,96,0.0417933644655762
"LINGEN_EMSLAND:SpringWD","LINGEN_EMSLAND","SpringWD",1,96,0.272822074195068
"LINGEN_EMSLAND:SpringWE","LINGEN_EMSLAND","SpringWE",1,96,0.272822074195068
"LINGEN_EMSLAND:WinterWD","LINGEN_EMSLAND","WinterWD",1,96,0.00684470619506839
"LINGEN_EMSLAND:WinterWE","LINGEN_EMSLAND","WinterWE",1,96,0.00684470619506839
"LIPPEND_R:SpringWD","LIPPEND_R","SpringWD",1,96,0.0354920383713024
"LIPPEND_R:SpringWE","LIPPEND_R","SpringWE",1,96,0.0354920383713024
"LIPPEND_S:SpringWD","LIPPEND_S","SpringWD",1,96,0.409357619156982
"LIPPEND_S:SpringWE","LIPPEND_S","SpringWE",1,96,0.409357619156982
"LIPPEND_S:WinterWD","LIPPEND_S","WinterWD",1,96,0.0134224691569825
"LIPPEND_S:WinterWE","LIPPEND_S","WinterWE",1,96,0.0134224691569825
"LIPPEND_S_BIS:SpringWD","LIPPEND_S_BIS","SpringWD",1,96,0.370359746986937
"LIPPEND_S_BIS:SpringWE","LIPPEND_S_BIS","SpringWE",1,96,0.370359746986937
"LUCY_3:AutumnWD","LUCY_3","AutumnWD",1,96,0.9098
"LUCY_3:AutumnWE","LUCY_3","AutumnWE",1,96,0.9098
"LUCY_3:SpringWD","LUCY_3","SpringWD",1,96,0.9098
"LUCY_3:SpringWE","LUCY_3","SpringWE",1,96,0.9098
"LUCY_3:SummerWD","LUCY_3","SummerWD",1,96,0.9098
"LUCY_3:SummerWE","LUCY_3","SummerWE",1,96,0.9098
"LUCY_3:WinterWD","LUCY_3","WinterWD",1,96,0.9098
"LUCY_3:WinterWE","LUCY_3","WinterWE",1,96,0.9098
"LUNEN_6:SpringWD","LUNEN_6","SpringWD",1,96,0.144522195364034
"LUNEN_6:SpringWE","LUNEN_6","SpringWE",1,96,0.144522195364034
"MAINZ:AutumnWD","MAINZ","AutumnWD",1,96,0.1386331450625
"MAINZ:AutumnWE","MAINZ","AutumnWE",1,96,0.1386331450625
"MAINZ:SummerWD","MAINZ","SummerWD",1,96,0.0111678090625
"MAINZ:SummerWE","MAINZ","SummerWE",1,96,0.0111678090625
"MANNHEIM_GKM_7:AutumnWD","MANNHEIM_GKM_7","AutumnWD",1,96,0.215327677589844
"MANNHEIM_GKM_7:AutumnWE","MANNHEIM_GKM_7","AutumnWE",1,96,0.215327677589844
"MANNHEIM_GKM_7:SpringWD","MANNHEIM_GKM_7","SpringWD",1,96,0.144389205589844
"MANNHEIM_GKM_7:SpringWE","MANNHEIM_GKM_7","SpringWE",1,96,0.144389205589844
"MANNHEIM_GKM_7:SummerWD","MANNHEIM_GKM_7","SummerWD",1,96,0.0694669205898437
"MANNHEIM_GKM_7:SummerWE","MANNHEIM_GKM_7","SummerWE",1,96,0.0694669205898437
"MITTE:AutumnWD","MITTE","AutumnWD",1,96,0.189738860714111
"MITTE:AutumnWE","MITTE","AutumnWE",1,96,0.189738860714111
"MITTE:SpringWD","MITTE","SpringWD",1,96,0.292754180714111
"MITTE:SpringWE","MITTE","SpringWE",1,96,0.292754180714111
"MITTE:SummerWD","MITTE","SummerWD",1,96,0.381922947714111
"MITTE:SummerWE","MITTE","SummerWE",1,96,0.381922947714111
"MITTELSB_3:AutumnWD","MITTELSB_3","AutumnWD",1,96,0.0786912721738281
"MITTELSB_3:AutumnWE","MITTELSB_3","AutumnWE",1,96,0.0786912721738281
"MITTELSB_3:SpringWD","MITTELSB_3","SpringWD",1,96,0.273759581173828
"MITTELSB_3:SpringWE","MITTELSB_3","SpringWE",1,96,0.273759581173828
"MITTELSB_3:SummerWD","MITTELSB_3","SummerWD",1,96,0.0625109251738281
"MITTELSB_3:SummerWE","MITTELSB_3","SummerWE",1,96,0.0625109251738281
"NEURATH_1:SpringWD","NEURATH_1","SpringWD",1,96,0.148013714494873
"NEURATH_1:SpringWE","NEURATH_1","SpringWE",1,96,0.148013714494873
"NEURATH_1:SummerWD","NEURATH_1","SummerWD",1,96,0.179424343494873
"NEURATH_1:SummerWE","NEURATH_1","SummerWE",1,96,0.179424343494873
"NEURATH_2:AutumnWD","NEURATH_2","AutumnWD",1,96,0.0529713526054687
"NEURATH_2:AutumnWE","NEURATH_2","AutumnWE",1,96,0.0529713526054687
"NEURATH_2:SpringWD","NEURATH_2","SpringWD",1,96,0.0363588856054687
"NEURATH_2:SpringWE","NEURATH_2","SpringWE",1,96,0.0363588856054687
"NEURATH_3:SpringWD","NEURATH_3","SpringWD",1,96,0.93670469328125
"NEURATH_3:SpringWE","NEURATH_3","SpringWE",1,96,0.93670469328125
"NEURATH_3:SummerWD","NEURATH_3","SummerWD",1,96,0.02427893928125
"NEURATH_3:SummerWE","NEURATH_3","SummerWE",1,96,0.02427893928125
"NEURATH_3:WinterWD","NEURATH_3","WinterWD",1,96,0.03890512028125
"NEURATH_3:WinterWE","NEURATH_3","WinterWE",1,96,0.03890512028125
"NEURATH_4:AutumnWD","NEURATH_4","AutumnWD",1,96,0.036019650140625
"NEURATH_4:AutumnWE","NEURATH_4","AutumnWE",1,96,0.036019650140625
"NEURATH_4:SummerWD","NEURATH_4","SummerWD",1,96,0.039243575140625
"NEURATH_4:SummerWE","NEURATH_4","SummerWE",1,96,0.039243575140625
"NEURATH_4:WinterWD","NEURATH_4","WinterWD",1,96,0.040258128140625
"NEURATH_4:WinterWE","NEURATH_4","WinterWE",1,96,0.040258128140625
"NEURATH_5:SpringWD","NEURATH_5","SpringWD",1,96,0.274633740552734
"NEURATH_5:SpringWE","NEURATH_5","SpringWE",1,96,0.274633740552734
"NEURATH_5:SummerWD","NEURATH_5","SummerWD",1,96,0.374173680552734
"NEURATH_5:SummerWE","NEURATH_5","SummerWE",1,96,0.374173680552734
"NEURATH_5:WinterWD","NEURATH_5","WinterWD",1,96,0.189301771552734
"NEURATH_5:WinterWE","NEURATH_5","WinterWE",1,96,0.189301771552734
"NEURATH_BoA_2_3:AutumnWD","NEURATH_BoA_2_3","AutumnWD",1,96,0.521808599
"NEURATH_BoA_2_3:AutumnWE","NEURATH_BoA_2_3","AutumnWE",1,96,0.521808599
"NEURATH_BoA_2_3:SpringWD","NEURATH_BoA_2_3","SpringWD",1,96,0.305446703
"NEURATH_BoA_2_3:SpringWE","NEURATH_BoA_2_3","SpringWE",1,96,0.305446703
"NEURATH_BoA_2_3:SummerWD","NEURATH_BoA_2_3","SummerWD",1,96,0.9399
"NEURATH_BoA_2_3:SummerWE","NEURATH_BoA_2_3","SummerWE",1,96,0.9399
"NEURATH_BoA_2_3:WinterWD","NEURATH_BoA_2_3","WinterWD",1,96,0.047613603
"NEURATH_BoA_2_3:WinterWE","NEURATH_BoA_2_3","WinterWE",1,96,0.047613603
"NIEDERAUS_BoA:AutumnWD","NIEDERAUS_BoA","AutumnWD",1,96,0.00625046499999998
"NIEDERAUS_BoA:AutumnWE","NIEDERAUS_BoA","AutumnWE",1,96,0.00625046499999998
"NIEDERAUS_BoA:SpringWD","NIEDERAUS_BoA","SpringWD",1,96,0.227251005
"NIEDERAUS_BoA:SpringWE","NIEDERAUS_BoA","SpringWE",1,96,0.227251005
"NIEDERAUS_BoA:SummerWD","NIEDERAUS_BoA","SummerWD",1,96,0.123264989
"NIEDERAUS_BoA:SummerWE","NIEDERAUS_BoA","SummerWE",1,96,0.123264989
"NIEDERAUS_BoA:WinterWD","NIEDERAUS_BoA","WinterWD",1,96,0.146575755
"NIEDERAUS_BoA:WinterWE","NIEDERAUS_BoA","WinterWE",1,96,0.146575755
"NIEDERAUS_C:AutumnWD","NIEDERAUS_C","AutumnWD",1,96,0.0252015543945312
"NIEDERAUS_C:AutumnWE","NIEDERAUS_C","AutumnWE",1,96,0.0252015543945312
"NIEDERAUS_C:SpringWD","NIEDERAUS_C","SpringWD",1,96,0.926127480394531
"NIEDERAUS_C:SpringWE","NIEDERAUS_C","SpringWE",1,96,0.926127480394531
"NIEDERAUS_D:AutumnWD","NIEDERAUS_D","AutumnWD",1,96,0.162624244063477
"NIEDERAUS_D:AutumnWE","NIEDERAUS_D","AutumnWE",1,96,0.162624244063477
"NIEDERAUS_D:SpringWD","NIEDERAUS_D","SpringWD",1,96,0.00943181306347658
"NIEDERAUS_D:SpringWE","NIEDERAUS_D","SpringWE",1,96,0.00943181306347658
"NIEDERAUS_D:SummerWD","NIEDERAUS_D","SummerWD",1,96,0.285793007063477
"NIEDERAUS_D:SummerWE","NIEDERAUS_D","SummerWE",1,96,0.285793007063477
"NIEDERAUS_E:SummerWD","NIEDERAUS_E","SummerWD",1,96,0.0434221475825615
"NIEDERAUS_E:SummerWE","NIEDERAUS_E","SummerWE",1,96,0.0434221475825615
"NIEDERAUS_F:AutumnWD","NIEDERAUS_F","AutumnWD",1,96,0.00766984499999999
"NIEDERAUS_F:AutumnWE","NIEDERAUS_F","AutumnWE",1,96,0.00766984499999999
"NIEDERAUS_F:SpringWD","NIEDERAUS_F","SpringWD",1,96,0.086378296
"NIEDERAUS_F:SpringWE","NIEDERAUS_F","SpringWE",1,96,0.086378296
"NIEDERAUS_F:SummerWD","NIEDERAUS_F","SummerWD",1,96,0.106401108
"NIEDERAUS_F:SummerWE","NIEDERAUS_F","SummerWE",1,96,0.106401108
"NIEDERAUS_F:WinterWD","NIEDERAUS_F","WinterWD",1,96,0.224492306
"NIEDERAUS_F:WinterWE","NIEDERAUS_F","WinterWE",1,96,0.224492306
"NIEDERAUS_G:AutumnWD","NIEDERAUS_G","AutumnWD",1,96,0.027413848
"NIEDERAUS_G:AutumnWE","NIEDERAUS_G","AutumnWE",1,96,0.027413848
"NIEDERAUS_G:SpringWD","NIEDERAUS_G","SpringWD",1,96,0.118448372
"NIEDERAUS_G:SpringWE","NIEDERAUS_G","SpringWE",1,96,0.118448372
"NIEDERAUS_G:SummerWD","NIEDERAUS_G","SummerWD",1,96,0.523715838
"NIEDERAUS_G:SummerWE","NIEDERAUS_G","SummerWE",1,96,0.523715838
"NIEDERAUS_G:WinterWD","NIEDERAUS_G","WinterWD",1,96,0.105483862
"NIEDERAUS_G:WinterWE","NIEDERAUS_G","WinterWE",1,96,0.105483862
"NIEDERAUS_H:SpringWD","NIEDERAUS_H","SpringWD",1,96,0.0543268208398437
"NIEDERAUS_H:SpringWE","NIEDERAUS_H","SpringWE",1,96,0.0543268208398437
"NIEDERAUS_H:SummerWD","NIEDERAUS_H","SummerWD",1,96,0.131628136839844
"NIEDERAUS_H:SummerWE","NIEDERAUS_H","SummerWE",1,96,0.131628136839844
"NIEDERAUS_H:WinterWD","NIEDERAUS_H","WinterWD",1,96,0.205126866839844
"NIEDERAUS_H:WinterWE","NIEDERAUS_H","WinterWE",1,96,0.205126866839844
"PHILIPPS_2B:SpringWD","PHILIPPS_2B","SpringWD",1,96,0.252754810996826
"PHILIPPS_2B:SpringWE","PHILIPPS_2B","SpringWE",1,96,0.252754810996826
"PHILIPPS_2B:SummerWD","PHILIPPS_2B","SummerWD",1,96,0.936742098996826
"PHILIPPS_2B:SummerWE","PHILIPPS_2B","SummerWE",1,96,0.936742098996826
"PORCHEVILLE_4:AutumnWD","PORCHEVILLE_4","AutumnWD",1,96,0.13102832584375
"PORCHEVILLE_4:AutumnWE","PORCHEVILLE_4","AutumnWE",1,96,0.13102832584375
"PORCHEVILLE_4:WinterWD","PORCHEVILLE_4","WinterWD",1,96,0.17194592884375
"PORCHEVILLE_4:WinterWE","PORCHEVILLE_4","WinterWE",1,96,0.17194592884375
"REUTER:AutumnWD","REUTER","AutumnWD",1,96,0.289435393
"REUTER:AutumnWE","REUTER","AutumnWE",1,96,0.289435393
"REUTER:SpringWD","REUTER","SpringWD",1,96,0.255433851
"REUTER:SpringWE","REUTER","SpringWE",1,96,0.255433851
"REUTER:SummerWD","REUTER","SummerWD",1,96,0.9315
"REUTER:SummerWE","REUTER","SummerWE",1,96,0.9315
"REUTER:WinterWD","REUTER","WinterWD",1,96,0.108018338
"REUTER:WinterWE","REUTER","WinterWE",1,96,0.108018338
"REUT_WEST_1:SummerWD","REUT_WEST_1","SummerWD",1,96,0.175712723601766
"REUT_WEST_1:SummerWE","REUT_WEST_1","SummerWE",1,96,0.175712723601766
"REUT_WEST_2:SpringWD","REUT_WEST_2","SpringWD",1,96,0.374879645530273
"REUT_WEST_2:SpringWE","REUT_WEST_2","SpringWE",1,96,0.374879645530273
"REUT_WEST_2:SummerWD","REUT_WEST_2","SummerWD",1,96,0.0423792985302734
"REUT_WEST_2:SummerWE","REUT_WEST_2","SummerWE",1,96,0.0423792985302734
"REUT_WEST_2:WinterWD","REUT_WEST_2","WinterWD",1,96,0.00493597953027344
"REUT_WEST_2:WinterWE","REUT_WEST_2","WinterWE",1,96,0.00493597953027344
"RHEINHAF_1:AutumnWD","RHEINHAF_1","AutumnWD",1,96,0.9628
"RHEINHAF_1:AutumnWE","RHEINHAF_1","AutumnWE",1,96,0.9628
"RHEINHAF_1:SpringWD","RHEINHAF_1","SpringWD",1,96,0.182022323
"RHEINHAF_1:SpringWE","RHEINHAF_1","SpringWE",1,96,0.182022323
"RHEINHAF_1:SummerWD","RHEINHAF_1","SummerWD",1,96,0.9628
"RHEINHAF_1:SummerWE","RHEINHAF_1","SummerWE",1,96,0.9628
"RHEINHAF_1:WinterWD","RHEINHAF_1","WinterWD",1,96,0.9628
"RHEINHAF_1:WinterWE","RHEINHAF_1","WinterWE",1,96,0.9628
"RHEINHAF_2:AutumnWD","RHEINHAF_2","AutumnWD",1,96,0.013948457
"RHEINHAF_2:AutumnWE","RHEINHAF_2","AutumnWE",1,96,0.013948457
"RHEINHAF_2:SpringWD","RHEINHAF_2","SpringWD",1,96,0.9116
"RHEINHAF_2:SpringWE","RHEINHAF_2","SpringWE",1,96,0.9116
"RHEINHAF_2:SummerWD","RHEINHAF_2","SummerWD",1,96,0.412763162
"RHEINHAF_2:SummerWE","RHEINHAF_2","SummerWE",1,96,0.412763162
"RHEINHAF_2:WinterWD","RHEINHAF_2","WinterWD",1,96,0.472783711
"RHEINHAF_2:WinterWE","RHEINHAF_2","WinterWE",1,96,0.472783711
"RODENHUIZE_MAX_GREEN:SummerWD","RODENHUIZE_MAX_GREEN","SummerWD",1,96,0.0901441901811524
"RODENHUIZE_MAX_GREEN:SummerWE","RODENHUIZE_MAX_GREEN","SummerWE",1,96,0.0901441901811524
"RODENHUIZE_MAX_GREEN:WinterWD","RODENHUIZE_MAX_GREEN","WinterWD",1,96,0.0554657621811523
"RODENHUIZE_MAX_GREEN:WinterWE","RODENHUIZE_MAX_GREEN","WinterWE",1,96,0.0554657621811523
"SCHKOPAU_1:AutumnWD","SCHKOPAU_1","AutumnWD",1,96,0.064282573640625
"SCHKOPAU_1:AutumnWE","SCHKOPAU_1","AutumnWE",1,96,0.064282573640625
"SCHKOPAU_1:SpringWD","SCHKOPAU_1","SpringWD",1,96,0.062220294640625
"SCHKOPAU_1:SpringWE","SCHKOPAU_1","SpringWE",1,96,0.062220294640625
"SCHKOPAU_1:SummerWD","SCHKOPAU_1","SummerWD",1,96,0.265891889640625
"SCHKOPAU_1:SummerWE","SCHKOPAU_1","SummerWE",1,96,0.265891889640625
"SCHKOPAU_2:AutumnWD","SCHKOPAU_2","AutumnWD",1,96,0.036799081
"SCHKOPAU_2:AutumnWE","SCHKOPAU_2","AutumnWE",1,96,0.036799081
"SCHKOPAU_2:SpringWD","SCHKOPAU_2","SpringWD",1,96,0.149993778
"SCHKOPAU_2:SpringWE","SCHKOPAU_2","SpringWE",1,96,0.149993778
"SCHKOPAU_2:SummerWD","SCHKOPAU_2","SummerWD",1,96,0.107721919
"SCHKOPAU_2:SummerWE","SCHKOPAU_2","SummerWE",1,96,0.107721919
"SCHKOPAU_2:WinterWD","SCHKOPAU_2","WinterWD",1,96,0.022734088
"SCHKOPAU_2:WinterWE","SCHKOPAU_2","WinterWE",1,96,0.022734088
"SCHOLVEN_B:SpringWD","SCHOLVEN_B","SpringWD",1,96,0.000385873234863263
"SCHOLVEN_B:SpringWE","SCHOLVEN_B","SpringWE",1,96,0.000385873234863263
"SCHOLVEN_B:SummerWD","SCHOLVEN_B","SummerWD",1,96,0.219480806234863
"SCHOLVEN_B:SummerWE","SCHOLVEN_B","SummerWE",1,96,0.219480806234863
"SCHOLVEN_C:SpringWD","SCHOLVEN_C","SpringWD",1,96,0.847471720873291
"SCHOLVEN_C:SpringWE","SCHOLVEN_C","SpringWE",1,96,0.847471720873291
"SCHOLVEN_C:SummerWD","SCHOLVEN_C","SummerWD",1,96,0.122737677873291
"SCHOLVEN_C:SummerWE","SCHOLVEN_C","SummerWE",1,96,0.122737677873291
"SCHOLVEN_D:SpringWD","SCHOLVEN_D","SpringWD",1,96,0.0652426183789063
"SCHOLVEN_D:SpringWE","SCHOLVEN_D","SpringWE",1,96,0.0652426183789063
"SCHOLVEN_D:SummerWD","SCHOLVEN_D","SummerWD",1,96,0.000590461378906254
"SCHOLVEN_D:SummerWE","SCHOLVEN_D","SummerWE",1,96,0.000590461378906254
"SCHOLVEN_D:WinterWD","SCHOLVEN_D","WinterWD",1,96,0.143790756378906
"SCHOLVEN_D:WinterWE","SCHOLVEN_D","WinterWE",1,96,0.143790756378906
"SCHOLVEN_E:AutumnWD","SCHOLVEN_E","AutumnWD",1,96,0.020709295
"SCHOLVEN_E:AutumnWE","SCHOLVEN_E","AutumnWE",1,96,0.020709295
"SCHOLVEN_E:SpringWD","SCHOLVEN_E","SpringWD",1,96,0.09866147
"SCHOLVEN_E:SpringWE","SCHOLVEN_E","SpringWE",1,96,0.09866147
"SCHOLVEN_E:SummerWD","SCHOLVEN_E","SummerWD",1,96,0.051993491
"SCHOLVEN_E:SummerWE","SCHOLVEN_E","SummerWE",1,96,0.051993491
"SCHOLVEN_E:WinterWD","SCHOLVEN_E","WinterWD",1,96,0.017917201
"SCHOLVEN_E:WinterWE","SCHOLVEN_E","WinterWE",1,96,0.017917201
"SCHOLVEN_F:AutumnWD","SCHOLVEN_F","AutumnWD",1,96,0.05908542
"SCHOLVEN_F:AutumnWE","SCHOLVEN_F","AutumnWE",1,96,0.05908542
"SCHOLVEN_F:SpringWD","SCHOLVEN_F","SpringWD",1,96,0.232204588
"SCHOLVEN_F:SpringWE","SCHOLVEN_F","SpringWE",1,96,0.232204588
"SCHOLVEN_F:SummerWD","SCHOLVEN_F","SummerWD",1,96,0.039600488
"SCHOLVEN_F:SummerWE","SCHOLVEN_F","SummerWE",1,96,0.039600488
"SCHOLVEN_F:WinterWD","SCHOLVEN_F","WinterWD",1,96,0.103661203
"SCHOLVEN_F:WinterWE","SCHOLVEN_F","WinterWE",1,96,0.103661203
"SCHW_PUMP_1:AutumnWD","SCHW_PUMP_1","AutumnWD",1,96,0.151596449035645
"SCHW_PUMP_1:AutumnWE","SCHW_PUMP_1","AutumnWE",1,96,0.151596449035645
"SCHW_PUMP_1:WinterWD","SCHW_PUMP_1","WinterWD",1,96,0.00303209303564453
"SCHW_PUMP_1:WinterWE","SCHW_PUMP_1","WinterWE",1,96,0.00303209303564453
"SCHW_PUMP_2:SummerWD","SCHW_PUMP_2","SummerWD",1,96,0.907906558975098
"SCHW_PUMP_2:SummerWE","SCHW_PUMP_2","SummerWE",1,96,0.907906558975098
"SCHW_PUMP_2:WinterWD","SCHW_PUMP_2","WinterWD",1,96,0.0140800959750977
"SCHW_PUMP_2:WinterWE","SCHW_PUMP_2","WinterWE",1,96,0.0140800959750977
"SIDMAR:SpringWD","SIDMAR","SpringWD",1,96,0.640182015835407
"SIDMAR:SpringWE","SIDMAR","SpringWE",1,96,0.640182015835407
"SPE_CCGT_GENT_RINGVAART:SpringWD","SPE_CCGT_GENT_RINGVAART","SpringWD",1,96,0.0330554352474329
"SPE_CCGT_GENT_RINGVAART:SpringWE","SPE_CCGT_GENT_RINGVAART","SpringWE",1,96,0.0330554352474329
"STAUDINGER_4:SpringWD","STAUDINGER_4","SpringWD",1,96,0.127698326577417
"STAUDINGER_4:SpringWE","STAUDINGER_4","SpringWE",1,96,0.127698326577417
"STAUDINGER_5:AutumnWD","STAUDINGER_5","AutumnWD",1,96,0.9116
"STAUDINGER_5:AutumnWE","STAUDINGER_5","AutumnWE",1,96,0.9116
"STAUDINGER_5:SpringWD","STAUDINGER_5","SpringWD",1,96,0.409348876
"STAUDINGER_5:SpringWE","STAUDINGER_5","SpringWE",1,96,0.409348876
"STAUDINGER_5:SummerWD","STAUDINGER_5","SummerWD",1,96,0.9116
"STAUDINGER_5:SummerWE","STAUDINGER_5","SummerWE",1,96,0.9116
"STAUDINGER_5:WinterWD","STAUDINGER_5","WinterWD",1,96,0.21664638
"STAUDINGER_5:WinterWE","STAUDINGER_5","WinterWE",1,96,0.21664638
"STGHISLAIN:AutumnWD","STGHISLAIN","AutumnWD",1,96,0.128049453823242
"STGHISLAIN:AutumnWE","STGHISLAIN","AutumnWE",1,96,0.128049453823242
"STGHISLAIN:SummerWD","STGHISLAIN","SummerWD",1,96,0.0952221368232422
"STGHISLAIN:SummerWE","STGHISLAIN","SummerWE",1,96,0.0952221368232422
"STGHISLAIN:WinterWD","STGHISLAIN","WinterWD",1,96,0.0275812888232422
"STGHISLAIN:WinterWE","STGHISLAIN","WinterWE",1,96,0.0275812888232422
"TIHANGE_1:AutumnWD","TIHANGE_1","AutumnWD",1,96,0.294912285062256
"TIHANGE_1:AutumnWE","TIHANGE_1","AutumnWE",1,96,0.294912285062256
"TIHANGE_1:SummerWD","TIHANGE_1","SummerWD",1,96,0.217509703062256
"TIHANGE_1:SummerWE","TIHANGE_1","SummerWE",1,96,0.217509703062256
"TIHANGE_2:AutumnWD","TIHANGE_2","AutumnWD",1,96,0.9681
"TIHANGE_2:AutumnWE","TIHANGE_2","AutumnWE",1,96,0.9681
"TIHANGE_2:SpringWD","TIHANGE_2","SpringWD",1,96,0.9681
"TIHANGE_2:SpringWE","TIHANGE_2","SpringWE",1,96,0.9681
"TIHANGE_2:SummerWD","TIHANGE_2","SummerWD",1,96,0.9681
"TIHANGE_2:SummerWE","TIHANGE_2","SummerWE",1,96,0.9681
"TIHANGE_2:WinterWD","TIHANGE_2","WinterWD",1,96,0.9681
"TIHANGE_2:WinterWE","TIHANGE_2","WinterWE",1,96,0.9681
"TRICASTIN_4:AutumnWD","TRICASTIN_4","AutumnWD",1,96,0.9725400390625
"TRICASTIN_4:AutumnWE","TRICASTIN_4","AutumnWE",1,96,0.9725400390625
"TRICASTIN_4:SummerWD","TRICASTIN_4","SummerWD",1,96,0.2269726630625
"TRICASTIN_4:SummerWE","TRICASTIN_4","SummerWE",1,96,0.2269726630625
"TRICASTIN_4:WinterWD","TRICASTIN_4","WinterWD",1,96,0.0863295640624999
"TRICASTIN_4:WinterWE","TRICASTIN_4","WinterWE",1,96,0.0863295640624999
"VELTHEIM_3:AutumnWD","VELTHEIM_3","AutumnWD",1,96,0.023447004
"VELTHEIM_3:AutumnWE","VELTHEIM_3","AutumnWE",1,96,0.023447004
"VELTHEIM_3:SpringWD","VELTHEIM_3","SpringWD",1,96,0.195186923
"VELTHEIM_3:SpringWE","VELTHEIM_3","SpringWE",1,96,0.195186923
"VELTHEIM_3:SummerWD","VELTHEIM_3","SummerWD",1,96,0.064610143
"VELTHEIM_3:SummerWE","VELTHEIM_3","SummerWE",1,96,0.064610143
"VELTHEIM_3:WinterWD","VELTHEIM_3","WinterWD",1,96,0.019594523
"VELTHEIM_3:WinterWE","VELTHEIM_3","WinterWE",1,96,0.019594523
"VELTHEIM_4:AutumnWD","VELTHEIM_4","AutumnWD",1,96,0.8988
"VELTHEIM_4:AutumnWE","VELTHEIM_4","AutumnWE",1,96,0.8988
"VELTHEIM_4:SpringWD","VELTHEIM_4","SpringWD",1,96,0.8988
"VELTHEIM_4:SpringWE","VELTHEIM_4","SpringWE",1,96,0.8988
"VELTHEIM_4:SummerWD","VELTHEIM_4","SummerWD",1,96,0.8988
"VELTHEIM_4:SummerWE","VELTHEIM_4","SummerWE",1,96,0.8988
"VELTHEIM_4:WinterWD","VELTHEIM_4","WinterWD",1,96,0.8988
"VELTHEIM_4:WinterWE","VELTHEIM_4","WinterWE",1,96,0.8988
"VELTHEIM_4_GT:AutumnWD","VELTHEIM_4_GT","AutumnWD",1,96,0.916
"VELTHEIM_4_GT:AutumnWE","VELTHEIM_4_GT","AutumnWE",1,96,0.916
"VELTHEIM_4_GT:SpringWD","VELTHEIM_4_GT","SpringWD",1,96,0.916
"VELTHEIM_4_GT:SpringWE","VELTHEIM_4_GT","SpringWE",1,96,0.916
"VELTHEIM_4_GT:SummerWD","VELTHEIM_4_GT","SummerWD",1,96,0.916
"VELTHEIM_4_GT:SummerWE","VELTHEIM_4_GT","SummerWE",1,96,0.916
"VELTHEIM_4_GT:WinterWD","VELTHEIM_4_GT","WinterWD",1,96,0.916
"VELTHEIM_4_GT:WinterWE","VELTHEIM_4_GT","WinterWE",1,96,0.916
"VOERDE_2:AutumnWD","VOERDE_2","AutumnWD",1,96,0.332584905376038
"VOERDE_2:AutumnWE","VOERDE_2","AutumnWE",1,96,0.332584905376038
"VOERDE_2:WinterWD","VOERDE_2","WinterWD",1,96,0.870797093376038
"VOERDE_2:WinterWE","VOERDE_2","WinterWE",1,96,0.870797093376038
"Voerde_West_2:SpringWD","Voerde_West_2","SpringWD",1,96,0.222595046515625
"Voerde_West_2:SpringWE","Voerde_West_2","SpringWE",1,96,0.222595046515625
"Voerde_West_2:SummerWD","Voerde_West_2","SummerWD",1,96,0.193207976515625
"Voerde_West_2:SummerWE","Voerde_West_2","SummerWE",1,96,0.193207976515625
"Voerde_West_2:WinterWD","Voerde_West_2","WinterWD",1,96,0.216916486515625
"Voerde_West_2:WinterWE","Voerde_West_2","WinterWE",1,96,0.216916486515625
"WALHEIM_2:AutumnWD","WALHEIM_2","AutumnWD",1,96,0.9379
"WALHEIM_2:AutumnWE","WALHEIM_2","AutumnWE",1,96,0.9379
"WALHEIM_2:SpringWD","WALHEIM_2","SpringWD",1,96,0.185712127
"WALHEIM_2:SpringWE","WALHEIM_2","SpringWE",1,96,0.185712127
"WALHEIM_2:SummerWD","WALHEIM_2","SummerWD",1,96,0.9379
"WALHEIM_2:SummerWE","WALHEIM_2","SummerWE",1,96,0.9379
"WALHEIM_2:WinterWD","WALHEIM_2","WinterWD",1,96,0.9379
"WALHEIM_2:WinterWE","WALHEIM_2","WinterWE",1,96,0.9379
"WALHEIM_2BIS:AutumnWD","WALHEIM_2BIS","AutumnWD",1,96,0.9315
"WALHEIM_2BIS:AutumnWE","WALHEIM_2BIS","AutumnWE",1,96,0.9315
"WALHEIM_2BIS:SpringWD","WALHEIM_2BIS","SpringWD",1,96,0.158424493
"WALHEIM_2BIS:SpringWE","WALHEIM_2BIS","SpringWE",1,96,0.158424493
"WALHEIM_2BIS:SummerWD","WALHEIM_2BIS","SummerWD",1,96,0.9315
"WALHEIM_2BIS:SummerWE","WALHEIM_2BIS","SummerWE",1,96,0.9315
"WALHEIM_2BIS:WinterWD","WALHEIM_2BIS","WinterWD",1,96,0.9315
"WALHEIM_2BIS:WinterWE","WALHEIM_2BIS","WinterWE",1,96,0.9315
"WALSUM_9:AutumnWD","WALSUM_9","AutumnWD",1,96,0.0563767246311035
"WALSUM_9:AutumnWE","WALSUM_9","AutumnWE",1,96,0.0563767246311035
"WALSUM_9:SpringWD","WALSUM_9","SpringWD",1,96,0.261034106631103
"WALSUM_9:SpringWE","WALSUM_9","SpringWE",1,96,0.261034106631103
"WALSUM_9:SummerWD","WALSUM_9","SummerWD",1,96,0.105121406631104
"WALSUM_9:SummerWE","WALSUM_9","SummerWE",1,96,0.105121406631104
"WEIHER_III:AutumnWD","WEIHER_III","AutumnWD",1,96,0.168052934
"WEIHER_III:AutumnWE","WEIHER_III","AutumnWE",1,96,0.168052934
"WEIHER_III:SpringWD","WEIHER_III","SpringWD",1,96,0.230793496
"WEIHER_III:SpringWE","WEIHER_III","SpringWE",1,96,0.230793496
"WEIHER_III:SummerWD","WEIHER_III","SummerWD",1,96,0.492824058
"WEIHER_III:SummerWE","WEIHER_III","SummerWE",1,96,0.492824058
"WEIHER_III:WinterWD","WEIHER_III","WinterWD",1,96,0.1950089
"WEIHER_III:WinterWE","WEIHER_III","WinterWE",1,96,0.1950089
"WEISWEI_E:AutumnWD","WEISWEI_E","AutumnWD",1,96,0.023702669
"WEISWEI_E:AutumnWE","WEISWEI_E","AutumnWE",1,96,0.023702669
"WEISWEI_E:SpringWD","WEISWEI_E","SpringWD",1,96,0.012796008
"WEISWEI_E:SpringWE","WEISWEI_E","SpringWE",1,96,0.012796008
"WEISWEI_E:SummerWD","WEISWEI_E","SummerWD",1,96,0.011674404
"WEISWEI_E:SummerWE","WEISWEI_E","SummerWE",1,96,0.011674404
"WEISWEI_E:WinterWD","WEISWEI_E","WinterWD",1,96,0.041286938
"WEISWEI_E:WinterWE","WEISWEI_E","WinterWE",1,96,0.041286938
"WEISWEI_F:AutumnWD","WEISWEI_F","AutumnWD",1,96,0.358751181651725
"WEISWEI_F:AutumnWE","WEISWEI_F","AutumnWE",1,96,0.358751181651725
"WEISWEI_G:SummerWD","WEISWEI_G","SummerWD",1,96,0.0269271703377466
"WEISWEI_G:SummerWE","WEISWEI_G","SummerWE",1,96,0.0269271703377466
"WEISWEI_H:AutumnWD","WEISWEI_H","AutumnWD",1,96,0.115138634
"WEISWEI_H:AutumnWE","WEISWEI_H","AutumnWE",1,96,0.115138634
"WEISWEI_H:SpringWD","WEISWEI_H","SpringWD",1,96,0.032344245
"WEISWEI_H:SpringWE","WEISWEI_H","SpringWE",1,96,0.032344245
"WEISWEI_H:SummerWD","WEISWEI_H","SummerWD",1,96,0.9399
"WEISWEI_H:SummerWE","WEISWEI_H","SummerWE",1,96,0.9399
"WEISWEI_H:WinterWD","WEISWEI_H","WinterWD",1,96,0.106054937
"WEISWEI_H:WinterWE","WEISWEI_H","WinterWE",1,96,0.106054937
"WEISWEILER_CST:AutumnWD","WEISWEILER_CST","AutumnWD",1,96,0.9399
"WEISWEILER_CST:AutumnWE","WEISWEILER_CST","AutumnWE",1,96,0.9399
"WEISWEILER_CST:SpringWD","WEISWEILER_CST","SpringWD",1,96,0.9399
"WEISWEILER_CST:SpringWE","WEISWEILER_CST","SpringWE",1,96,0.9399
"WEISWEILER_CST:SummerWD","WEISWEILER_CST","SummerWD",1,96,0.9399
"WEISWEILER_CST:SummerWE","WEISWEILER_CST","SummerWE",1,96,0.9399
"WEISWEILER_CST:WinterWD","WEISWEILER_CST","WinterWD",1,96,0.9399
"WEISWEILER_CST:WinterWE","WEISWEILER_CST","WinterWE",1,96,0.9399
"WEISWEILER_GT:AutumnWD","WEISWEILER_GT","AutumnWD",1,96,0.916
"WEISWEILER_GT:AutumnWE","WEISWEILER_GT","AutumnWE",1,96,0.916
"WEISWEILER_GT:SpringWD","WEISWEILER_GT","SpringWD",1,96,0.916
"WEISWEILER_GT:SpringWE","WEISWEILER_GT","SpringWE",1,96,0.916
"WEISWEILER_GT:SummerWD","WEISWEILER_GT","SummerWD",1,96,0.916
"WEISWEILER_GT:SummerWE","WEISWEILER_GT","SummerWE",1,96,0.916
"WEISWEILER_GT:WinterWD","WEISWEILER_GT","WinterWD",1,96,0.916
"WEISWEILER_GT:WinterWE","WEISWEILER_GT","WinterWE",1,96,0.916
"WESTFALEN_C:AutumnWD","WESTFALEN_C","AutumnWD",1,96,0.298481540793945
"WESTFALEN_C:AutumnWE","WESTFALEN_C","AutumnWE",1,96,0.298481540793945
"WESTFALEN_C:SpringWD","WESTFALEN_C","SpringWD",1,96,0.349105329793945
"WESTFALEN_C:SpringWE","WESTFALEN_C","SpringWE",1,96,0.349105329793945
"WESTFALEN_C:SummerWD","WESTFALEN_C","SummerWD",1,96,0.900589459793945
"WESTFALEN_C:SummerWE","WESTFALEN_C","SummerWE",1,96,0.900589459793945
"WILHELMSHAVEN_1:AutumnWD","WILHELMSHAVEN_1","AutumnWD",1,96,0.04545696621875
"WILHELMSHAVEN_1:AutumnWE","WILHELMSHAVEN_1","AutumnWE",1,96,0.04545696621875
"WILHELMSHAVEN_1:SummerWD","WILHELMSHAVEN_1","SummerWD",1,96,0.16879021821875
"WILHELMSHAVEN_1:SummerWE","WILHELMSHAVEN_1","SummerWE",1,96,0.16879021821875
"WILHELMSHAVEN_1:WinterWD","WILHELMSHAVEN_1","WinterWD",1,96,0.04803601221875
"WILHELMSHAVEN_1:WinterWE","WILHELMSHAVEN_1","WinterWE",1,96,0.04803601221875
"WILMERSD_1:AutumnWD","WILMERSD_1","AutumnWD",1,96,0.888697431552734
"WILMERSD_1:AutumnWE","WILMERSD_1","AutumnWE",1,96,0.888697431552734
"WILMERSD_1:SpringWD","WILMERSD_1","SpringWD",1,96,0.0789693265527343
"WILMERSD_1:SpringWE","WILMERSD_1","SpringWE",1,96,0.0789693265527343
"WILMERSD_1:SummerWD","WILMERSD_1","SummerWD",1,96,0.888697431552734
"WILMERSD_1:SummerWE","WILMERSD_1","SummerWE",1,96,0.888697431552734
"ZANDVLIET:AutumnWD","ZANDVLIET","AutumnWD",1,96,0.0201989301777345
"ZANDVLIET:AutumnWE","ZANDVLIET","AutumnWE",1,96,0.0201989301777345
"ZANDVLIET:SpringWD","ZANDVLIET","SpringWD",1,96,0.951378705177734
"ZANDVLIET:SpringWE","ZANDVLIET","SpringWE",1,96,0.951378705177734
"ZANDVLIET:SummerWD","ZANDVLIET","SummerWD",1,96,0.0401212581777345
"ZANDVLIET:SummerWE","ZANDVLIET","SummerWE",1,96,0.0401212581777345
